This is pdfTeX, Version 3.141592653-2.6-1.40.29 (TeX Live 2026) (preloaded format=pdflatex 2026.6.6)  13 JUN 2026 13:39
entering extended mode
 restricted \write18 enabled.
 %&-line parsing enabled.
**main.tex
(./main.tex
LaTeX2e <2025-11-01>
L3 programming layer <2026-01-19>
(/usr/local/texlive/2026/texmf-dist/tex/latex/base/report.cls
Document Class: report 2025/01/22 v1.4n Standard LaTeX document class
(/usr/local/texlive/2026/texmf-dist/tex/latex/base/size12.clo
File: size12.clo 2025/01/22 v1.4n Standard LaTeX file (size option)
)
\c@part=\count275
\c@chapter=\count276
\c@section=\count277
\c@subsection=\count278
\c@subsubsection=\count279
\c@paragraph=\count280
\c@subparagraph=\count281
\c@figure=\count282
\c@table=\count283
\abovecaptionskip=\skip49
\belowcaptionskip=\skip50
\bibindent=\dimen148
)
(/usr/local/texlive/2026/texmf-dist/tex/latex/base/inputenc.sty
Package: inputenc 2024/02/08 v1.3d Input encoding file
\inpenc@prehook=\toks17
\inpenc@posthook=\toks18
)
(/usr/local/texlive/2026/texmf-dist/tex/latex/base/fontenc.sty
Package: fontenc 2025/07/18 v2.1d Standard LaTeX package
)
(/usr/local/texlive/2026/texmf-dist/tex/latex/lm/lmodern.sty
Package: lmodern 2015/05/01 v1.6.1 Latin Modern Fonts
LaTeX Font Info:    Overwriting symbol font `operators' in version `normal'
(Font)                  OT1/cmr/m/n --> OT1/lmr/m/n on input line 22.
LaTeX Font Info:    Overwriting symbol font `letters' in version `normal'
(Font)                  OML/cmm/m/it --> OML/lmm/m/it on input line 23.
LaTeX Font Info:    Overwriting symbol font `symbols' in version `normal'
(Font)                  OMS/cmsy/m/n --> OMS/lmsy/m/n on input line 24.
LaTeX Font Info:    Overwriting symbol font `largesymbols' in version `normal'
(Font)                  OMX/cmex/m/n --> OMX/lmex/m/n on input line 25.
LaTeX Font Info:    Overwriting symbol font `operators' in version `bold'
(Font)                  OT1/cmr/bx/n --> OT1/lmr/bx/n on input line 26.
LaTeX Font Info:    Overwriting symbol font `letters' in version `bold'
(Font)                  OML/cmm/b/it --> OML/lmm/b/it on input line 27.
LaTeX Font Info:    Overwriting symbol font `symbols' in version `bold'
(Font)                  OMS/cmsy/b/n --> OMS/lmsy/b/n on input line 28.
LaTeX Font Info:    Overwriting symbol font `largesymbols' in version `bold'
(Font)                  OMX/cmex/m/n --> OMX/lmex/m/n on input line 29.
LaTeX Font Info:    Overwriting math alphabet `\mathbf' in version `normal'
(Font)                  OT1/cmr/bx/n --> OT1/lmr/bx/n on input line 31.
LaTeX Font Info:    Overwriting math alphabet `\mathsf' in version `normal'
(Font)                  OT1/cmss/m/n --> OT1/lmss/m/n on input line 32.
LaTeX Font Info:    Overwriting math alphabet `\mathit' in version `normal'
(Font)                  OT1/cmr/m/it --> OT1/lmr/m/it on input line 33.
LaTeX Font Info:    Overwriting math alphabet `\mathtt' in version `normal'
(Font)                  OT1/cmtt/m/n --> OT1/lmtt/m/n on input line 34.
LaTeX Font Info:    Overwriting math alphabet `\mathbf' in version `bold'
(Font)                  OT1/cmr/bx/n --> OT1/lmr/bx/n on input line 35.
LaTeX Font Info:    Overwriting math alphabet `\mathsf' in version `bold'
(Font)                  OT1/cmss/bx/n --> OT1/lmss/bx/n on input line 36.
LaTeX Font Info:    Overwriting math alphabet `\mathit' in version `bold'
(Font)                  OT1/cmr/bx/it --> OT1/lmr/bx/it on input line 37.
LaTeX Font Info:    Overwriting math alphabet `\mathtt' in version `bold'
(Font)                  OT1/cmtt/m/n --> OT1/lmtt/m/n on input line 38.
)
(/usr/local/texlive/2026/texmf-dist/tex/latex/hyperref/hyperref.sty
Package: hyperref 2026-01-29 v7.01p Hypertext links for LaTeX

(/usr/local/texlive/2026/texmf-dist/tex/generic/iftex/iftex.sty
Package: iftex 2024/12/12 v1.0g TeX engine tests
)
(/usr/local/texlive/2026/texmf-dist/tex/latex/graphics/keyval.sty
Package: keyval 2022/05/29 v1.15 key=value parser (DPC)
\KV@toks@=\toks19
)
(/usr/local/texlive/2026/texmf-dist/tex/latex/kvsetkeys/kvsetkeys.sty
Package: kvsetkeys 2022-10-05 v1.19 Key value parser (HO)
)
(/usr/local/texlive/2026/texmf-dist/tex/generic/kvdefinekeys/kvdefinekeys.sty
Package: kvdefinekeys 2019-12-19 v1.6 Define keys (HO)
)
(/usr/local/texlive/2026/texmf-dist/tex/generic/pdfescape/pdfescape.sty
Package: pdfescape 2019/12/09 v1.15 Implements pdfTeX's escape features (HO)

(/usr/local/texlive/2026/texmf-dist/tex/generic/ltxcmds/ltxcmds.sty
Package: ltxcmds 2023-12-04 v1.26 LaTeX kernel commands for general use (HO)
)
(/usr/local/texlive/2026/texmf-dist/tex/generic/pdftexcmds/pdftexcmds.sty
Package: pdftexcmds 2020-06-27 v0.33 Utility functions of pdfTeX for LuaTeX (HO
)

(/usr/local/texlive/2026/texmf-dist/tex/generic/infwarerr/infwarerr.sty
Package: infwarerr 2019/12/03 v1.5 Providing info/warning/error messages (HO)
)
Package pdftexcmds Info: \pdf@primitive is available.
Package pdftexcmds Info: \pdf@ifprimitive is available.
Package pdftexcmds Info: \pdfdraftmode found.
))
(/usr/local/texlive/2026/texmf-dist/tex/latex/hycolor/hycolor.sty
Package: hycolor 2020-01-27 v1.10 Color options for hyperref/bookmark (HO)
)
(/usr/local/texlive/2026/texmf-dist/tex/latex/hyperref/nameref.sty
Package: nameref 2026-01-29 v2.58 Cross-referencing by name of section

(/usr/local/texlive/2026/texmf-dist/tex/latex/refcount/refcount.sty
Package: refcount 2019/12/15 v3.6 Data extraction from label references (HO)
)
(/usr/local/texlive/2026/texmf-dist/tex/generic/gettitlestring/gettitlestring.s
ty
Package: gettitlestring 2019/12/15 v1.6 Cleanup title references (HO)
 (/usr/local/texlive/2026/texmf-dist/tex/latex/kvoptions/kvoptions.sty
Package: kvoptions 2022-06-15 v3.15 Key value format for package options (HO)
))
\c@section@level=\count284
)
(/usr/local/texlive/2026/texmf-dist/tex/latex/etoolbox/etoolbox.sty
Package: etoolbox 2025/10/02 v2.5m e-TeX tools for LaTeX (JAW)
\etb@tempcnta=\count285
)
(/usr/local/texlive/2026/texmf-dist/tex/generic/stringenc/stringenc.sty
Package: stringenc 2019/11/29 v1.12 Convert strings between diff. encodings (HO
)
)
\@linkdim=\dimen149
\Hy@linkcounter=\count286
\Hy@pagecounter=\count287

(/usr/local/texlive/2026/texmf-dist/tex/latex/hyperref/pd1enc.def
File: pd1enc.def 2026-01-29 v7.01p Hyperref: PDFDocEncoding definition (HO)
Now handling font encoding PD1 ...
... no UTF-8 mapping file for font encoding PD1
)
(/usr/local/texlive/2026/texmf-dist/tex/generic/intcalc/intcalc.sty
Package: intcalc 2019/12/15 v1.3 Expandable calculations with integers (HO)
)
\Hy@SavedSpaceFactor=\count288

(/usr/local/texlive/2026/texmf-dist/tex/latex/hyperref/puenc.def
File: puenc.def 2026-01-29 v7.01p Hyperref: PDF Unicode definition (HO)
Now handling font encoding PU ...
... no UTF-8 mapping file for font encoding PU
)
Package hyperref Info: Hyper figures OFF on input line 4201.
Package hyperref Info: Link nesting OFF on input line 4206.
Package hyperref Info: Hyper index ON on input line 4209.
Package hyperref Info: Plain pages OFF on input line 4216.
Package hyperref Info: Backreferencing OFF on input line 4221.
Package hyperref Info: Implicit mode ON; LaTeX internals redefined.
Package hyperref Info: Bookmarks ON on input line 4468.
\c@Hy@tempcnt=\count289

(/usr/local/texlive/2026/texmf-dist/tex/latex/url/url.sty
\Urlmuskip=\muskip17
Package: url 2013/09/16  ver 3.4  Verb mode for urls, etc.
)
LaTeX Info: Redefining \url on input line 4807.
\XeTeXLinkMargin=\dimen150

(/usr/local/texlive/2026/texmf-dist/tex/generic/bitset/bitset.sty
Package: bitset 2019/12/09 v1.3 Handle bit-vector datatype (HO)

(/usr/local/texlive/2026/texmf-dist/tex/generic/bigintcalc/bigintcalc.sty
Package: bigintcalc 2019/12/15 v1.5 Expandable calculations on big integers (HO
)
))
\Fld@menulength=\count290
\Field@Width=\dimen151
\Fld@charsize=\dimen152
Package hyperref Info: Hyper figures OFF on input line 6084.
Package hyperref Info: Link nesting OFF on input line 6089.
Package hyperref Info: Hyper index ON on input line 6092.
Package hyperref Info: backreferencing OFF on input line 6099.
Package hyperref Info: Link coloring OFF on input line 6104.
Package hyperref Info: Link coloring with OCG OFF on input line 6109.
Package hyperref Info: PDF/A mode OFF on input line 6114.
\Hy@abspage=\count291
\c@Item=\count292
\c@Hfootnote=\count293
)
Package hyperref Info: Driver (autodetected): hpdftex.

(/usr/local/texlive/2026/texmf-dist/tex/latex/hyperref/hpdftex.def
File: hpdftex.def 2026-01-29 v7.01p Hyperref driver for pdfTeX
\Fld@listcount=\count294
\c@bookmark@seq@number=\count295

(/usr/local/texlive/2026/texmf-dist/tex/latex/rerunfilecheck/rerunfilecheck.sty
Package: rerunfilecheck 2025-06-21 v1.11 Rerun checks for auxiliary files (HO)

(/usr/local/texlive/2026/texmf-dist/tex/generic/uniquecounter/uniquecounter.sty
Package: uniquecounter 2019/12/15 v1.4 Provide unlimited unique counter (HO)
)
Package uniquecounter Info: New unique counter `rerunfilecheck' on input line 2
84.
)
\Hy@SectionHShift=\skip51
) (/usr/local/texlive/2026/texmf-dist/tex/latex/geometry/geometry.sty
Package: geometry 2026/03/07 v6.0 Page Geometry

(/usr/local/texlive/2026/texmf-dist/tex/generic/iftex/ifvtex.sty
Package: ifvtex 2019/10/25 v1.7 ifvtex legacy package. Use iftex instead.
)
\Gm@cnth=\count296
\Gm@cntv=\count297
\c@Gm@tempcnt=\count298
\Gm@bindingoffset=\dimen153
\Gm@wd@mp=\dimen154
\Gm@odd@mp=\dimen155
\Gm@even@mp=\dimen156
\Gm@layoutwidth=\dimen157
\Gm@layoutheight=\dimen158
\Gm@layouthoffset=\dimen159
\Gm@layoutvoffset=\dimen160
\Gm@dimlist=\toks20
)
(/usr/local/texlive/2026/texmf-dist/tex/latex/base/textcomp.sty
Package: textcomp 2024/04/24 v2.1b Standard LaTeX package
)
(/usr/local/texlive/2026/texmf-dist/tex/latex/graphics/graphicx.sty
Package: graphicx 2024/12/31 v1.2e Enhanced LaTeX Graphics (DPC,SPQR)

(/usr/local/texlive/2026/texmf-dist/tex/latex/graphics/graphics.sty
Package: graphics 2024/08/06 v1.4g Standard LaTeX Graphics (DPC,SPQR)

(/usr/local/texlive/2026/texmf-dist/tex/latex/graphics/trig.sty
Package: trig 2023/12/02 v1.11 sin cos tan (DPC)
)
(/usr/local/texlive/2026/texmf-dist/tex/latex/graphics-cfg/graphics.cfg
File: graphics.cfg 2016/06/04 v1.11 sample graphics configuration
)
Package graphics Info: Driver file: pdftex.def on input line 106.

(/usr/local/texlive/2026/texmf-dist/tex/latex/graphics-def/pdftex.def
File: pdftex.def 2025/09/29 v1.2d Graphics/color driver for pdftex
))
\Gin@req@height=\dimen161
\Gin@req@width=\dimen162
)
(/usr/local/texlive/2026/texmf-dist/tex/latex/cite/cite.sty
LaTeX Info: Redefining \cite on input line 302.
LaTeX Info: Redefining \nocite on input line 332.
Package: cite 2015/02/27  v 5.5
)
(/usr/local/texlive/2026/texmf-dist/tex/latex/xcolor/xcolor.sty
Package: xcolor 2024/09/29 v3.02 LaTeX color extensions (UK)

(/usr/local/texlive/2026/texmf-dist/tex/latex/graphics-cfg/color.cfg
File: color.cfg 2016/01/02 v1.6 sample color configuration
)
Package xcolor Info: Driver file: pdftex.def on input line 274.

(/usr/local/texlive/2026/texmf-dist/tex/latex/graphics/mathcolor.ltx)
Package xcolor Info: Model `cmy' substituted by `cmy0' on input line 1349.
Package xcolor Info: Model `hsb' substituted by `rgb' on input line 1353.
Package xcolor Info: Model `RGB' extended on input line 1365.
Package xcolor Info: Model `HTML' substituted by `rgb' on input line 1367.
Package xcolor Info: Model `Hsb' substituted by `hsb' on input line 1368.
Package xcolor Info: Model `tHsb' substituted by `hsb' on input line 1369.
Package xcolor Info: Model `HSB' substituted by `hsb' on input line 1370.
Package xcolor Info: Model `Gray' substituted by `gray' on input line 1371.
Package xcolor Info: Model `wave' substituted by `hsb' on input line 1372.
)
(/usr/local/texlive/2026/texmf-dist/tex/latex/colortbl/colortbl.sty
Package: colortbl 2024/10/29 v1.0k Color table columns (DPC)

(/usr/local/texlive/2026/texmf-dist/tex/latex/tools/array.sty
Package: array 2025/09/25 v2.6n Tabular extension package (FMi)
\col@sep=\dimen163
\ar@mcellbox=\box53
\extrarowheight=\dimen164
\NC@list=\toks21
\extratabsurround=\skip52
\backup@length=\skip53
\ar@cellbox=\box54
)
\everycr=\toks22
\minrowclearance=\skip54
\rownum=\count299
)
(/usr/local/texlive/2026/texmf-dist/tex/latex/amsmath/amsmath.sty
Package: amsmath 2025/07/09 v2.17z AMS math features
\@mathmargin=\skip55

For additional information on amsmath, use the `?' option.
(/usr/local/texlive/2026/texmf-dist/tex/latex/amsmath/amstext.sty
Package: amstext 2024/11/17 v2.01 AMS text

(/usr/local/texlive/2026/texmf-dist/tex/latex/amsmath/amsgen.sty
File: amsgen.sty 1999/11/30 v2.0 generic functions
\@emptytoks=\toks23
\ex@=\dimen165
))
(/usr/local/texlive/2026/texmf-dist/tex/latex/amsmath/amsbsy.sty
Package: amsbsy 1999/11/29 v1.2d Bold Symbols
\pmbraise@=\dimen166
)
(/usr/local/texlive/2026/texmf-dist/tex/latex/amsmath/amsopn.sty
Package: amsopn 2022/04/08 v2.04 operator names
)
\inf@bad=\count300
LaTeX Info: Redefining \frac on input line 233.
\uproot@=\count301
\leftroot@=\count302
LaTeX Info: Redefining \overline on input line 398.
LaTeX Info: Redefining \colon on input line 409.
\classnum@=\count303
\DOTSCASE@=\count304
LaTeX Info: Redefining \ldots on input line 495.
LaTeX Info: Redefining \dots on input line 498.
LaTeX Info: Redefining \cdots on input line 619.
\Mathstrutbox@=\box55
\strutbox@=\box56
LaTeX Info: Redefining \big on input line 721.
LaTeX Info: Redefining \Big on input line 722.
LaTeX Info: Redefining \bigg on input line 723.
LaTeX Info: Redefining \Bigg on input line 724.
\big@size=\dimen167
LaTeX Font Info:    Redeclaring font encoding OML on input line 742.
LaTeX Font Info:    Redeclaring font encoding OMS on input line 743.
\macc@depth=\count305
LaTeX Info: Redefining \bmod on input line 904.
LaTeX Info: Redefining \pmod on input line 909.
LaTeX Info: Redefining \smash on input line 939.
LaTeX Info: Redefining \relbar on input line 969.
LaTeX Info: Redefining \Relbar on input line 970.
\c@MaxMatrixCols=\count306
\dotsspace@=\muskip18
\c@parentequation=\count307
\dspbrk@lvl=\count308
\tag@help=\toks24
\row@=\count309
\column@=\count310
\maxfields@=\count311
\andhelp@=\toks25
\eqnshift@=\dimen168
\alignsep@=\dimen169
\tagshift@=\dimen170
\tagwidth@=\dimen171
\totwidth@=\dimen172
\lineht@=\dimen173
\@envbody=\toks26
\multlinegap=\skip56
\multlinetaggap=\skip57
\mathdisplay@stack=\toks27
LaTeX Info: Redefining \[ on input line 2950.
LaTeX Info: Redefining \] on input line 2951.
)
(/usr/local/texlive/2026/texmf-dist/tex/latex/amsfonts/amssymb.sty
Package: amssymb 2013/01/14 v3.01 AMS font symbols

(/usr/local/texlive/2026/texmf-dist/tex/latex/amsfonts/amsfonts.sty
Package: amsfonts 2013/01/14 v3.01 Basic AMSFonts support
\symAMSa=\mathgroup4
\symAMSb=\mathgroup5
LaTeX Font Info:    Redeclaring math symbol \hbar on input line 98.
LaTeX Font Info:    Overwriting math alphabet `\mathfrak' in version `bold'
(Font)                  U/euf/m/n --> U/euf/b/n on input line 106.
))
(/usr/local/texlive/2026/texmf-dist/tex/latex/algorithms/algorithmic.sty
Package: algorithmic 2009/08/24 v0.1 Document Style `algorithmic'

(/usr/local/texlive/2026/texmf-dist/tex/latex/base/ifthen.sty
Package: ifthen 2024/03/16 v1.1e Standard LaTeX ifthen package (DPC)
)
\c@ALC@unique=\count312
\c@ALC@line=\count313
\c@ALC@rem=\count314
\c@ALC@depth=\count315
\ALC@tlm=\skip58
\algorithmicindent=\skip59
)
(/usr/local/texlive/2026/texmf-dist/tex/latex/changepage/changepage.sty
Package: changepage 2009/10/20 v1.0c check page and change page layout
\c@cp@cntr=\count316
\cp@tempcnt=\count317
)
(/usr/local/texlive/2026/texmf-dist/tex/latex/fancyhdr/fancyhdr.sty
Package: fancyhdr 2025/02/07 v5.2 Extensive control of page headers and footers

\f@nch@headwidth=\skip60
\f@nch@offset@elh=\skip61
\f@nch@offset@erh=\skip62
\f@nch@offset@olh=\skip63
\f@nch@offset@orh=\skip64
\f@nch@offset@elf=\skip65
\f@nch@offset@erf=\skip66
\f@nch@offset@olf=\skip67
\f@nch@offset@orf=\skip68
\f@nch@height=\skip69
\f@nch@footalignment=\skip70
\f@nch@widthL=\skip71
\f@nch@widthC=\skip72
\f@nch@widthR=\skip73
\@temptokenb=\toks28
)
(/usr/local/texlive/2026/texmf-dist/tex/latex/nomencl/nomencl.sty
Package: nomencl 2021/11/10 v5.6 Nomenclature package

(/usr/local/texlive/2026/texmf-dist/tex/latex/xkeyval/xkeyval.sty
Package: xkeyval 2025/11/04 v2.10 package option processing (HA)

(/usr/local/texlive/2026/texmf-dist/tex/generic/xkeyval/xkeyval.tex
(/usr/local/texlive/2026/texmf-dist/tex/generic/xkeyval/xkvutils.tex
\XKV@toks=\toks29
\XKV@tempa@toks=\toks30
\XKV@tempb@toks=\toks31
)
\XKV@depth=\count318
File: xkeyval.tex 2014/12/03 v2.7a key=value parser (HA)
))
(/usr/local/texlive/2026/texmf-dist/tex/latex/koma-script/tocbasic.sty
Package: tocbasic 2026/02/02 v3.49.2 KOMA-Script package (handling toc-files)

(/usr/local/texlive/2026/texmf-dist/tex/latex/koma-script/scrbase.sty
Package: scrbase 2026/02/02 v3.49.2 KOMA-Script package (KOMA-Script-independen
t basics and keyval usage)

(/usr/local/texlive/2026/texmf-dist/tex/latex/koma-script/scrlfile.sty
Package: scrlfile 2026/02/02 v3.49.2 KOMA-Script package (file load hooks)

(/usr/local/texlive/2026/texmf-dist/tex/latex/koma-script/scrlfile-hook.sty
Package: scrlfile-hook 2026/02/02 v3.49.2 KOMA-Script package (using LaTeX hook
s)

(/usr/local/texlive/2026/texmf-dist/tex/latex/koma-script/scrlogo.sty
Package: scrlogo 2026/02/02 v3.49.2 KOMA-Script package (logo)
)))
Applying: [2021/05/01] Usage of raw or classic option list on input line 254.
Already applied: [0000/00/00] Usage of raw or classic option list on input line
 370.
)
\scr@dte@tocline@numberwidth=\skip74
\scr@dte@tocline@numbox=\box57
)
Package tocbasic Info: omitting babel extension for `nlo'
(tocbasic)             because of missing \bbl@set@language on input line 187.
Package tocbasic Info: omitting babel extension for `nls'
(tocbasic)             because of missing \bbl@set@language on input line 188.
\nomlabelwidth=\dimen174
\nom@tempdim=\dimen175
\nomitemsep=\skip75
)
(/usr/local/texlive/2026/texmf-dist/tex/latex/appendix/appendix.sty
Package: appendix 2020/02/08 v1.2c extra appendix facilities
\c@@pps=\count319
\c@@ppsavesec=\count320
\c@@ppsaveapp=\count321
)
(/usr/local/texlive/2026/texmf-dist/tex/latex/tocloft/tocloft.sty
Package: tocloft 2017/08/31 v2.3i parameterised ToC, etc., typesetting
Package tocloft Info: The document has chapter divisions on input line 51.
\cftparskip=\skip76
\cftbeforetoctitleskip=\skip77
\cftaftertoctitleskip=\skip78
\cftbeforepartskip=\skip79
\cftpartnumwidth=\skip80
\cftpartindent=\skip81
\cftbeforechapskip=\skip82
\cftchapindent=\skip83
\cftchapnumwidth=\skip84
\cftbeforesecskip=\skip85
\cftsecindent=\skip86
\cftsecnumwidth=\skip87
\cftbeforesubsecskip=\skip88
\cftsubsecindent=\skip89
\cftsubsecnumwidth=\skip90
\cftbeforesubsubsecskip=\skip91
\cftsubsubsecindent=\skip92
\cftsubsubsecnumwidth=\skip93
\cftbeforeparaskip=\skip94
\cftparaindent=\skip95
\cftparanumwidth=\skip96
\cftbeforesubparaskip=\skip97
\cftsubparaindent=\skip98
\cftsubparanumwidth=\skip99
\cftbeforeloftitleskip=\skip100
\cftafterloftitleskip=\skip101
\cftbeforefigskip=\skip102
\cftfigindent=\skip103
\cftfignumwidth=\skip104
\c@lofdepth=\count322
\c@lotdepth=\count323
\cftbeforelottitleskip=\skip105
\cftafterlottitleskip=\skip106
\cftbeforetabskip=\skip107
\cfttabindent=\skip108
\cfttabnumwidth=\skip109
)
(/usr/local/texlive/2026/texmf-dist/tex/latex/tools/tabularx.sty
Package: tabularx 2023/12/11 v2.12a `tabularx' package (DPC)
\TX@col@width=\dimen176
\TX@old@table=\dimen177
\TX@old@col=\dimen178
\TX@target=\dimen179
\TX@delta=\dimen180
\TX@cols=\count324
\TX@ftn=\toks32
)
(/usr/local/texlive/2026/texmf-dist/tex/latex/tools/longtable.sty
Package: longtable 2025-10-13 v4.24 Multi-page Table package (DPC)
\LTleft=\skip110
\LTright=\skip111
\LTpre=\skip112
\LTpost=\skip113
\LTchunksize=\count325
\LTcapwidth=\dimen181
\LT@head=\box58
\LT@firsthead=\box59
\LT@foot=\box60
\LT@lastfoot=\box61
\LT@gbox=\box62
\LT@cols=\count326
\LT@rows=\count327
\c@LT@tables=\count328
\c@LT@chunks=\count329
\LT@p@ftn=\toks33
)
(/usr/local/texlive/2026/texmf-dist/tex/latex/tabularray/tabularray.sty
Package: tabularray 2025-11-27 v2025C Typeset tabulars and arrays with LaTeX3

(/usr/local/texlive/2026/texmf-dist/tex/latex/ninecolors/ninecolors.sty
Package: ninecolors 2022-02-13 v2022D Select colors with proper color contrast

(/usr/local/texlive/2026/texmf-dist/tex/latex/l3packages/xparse/xparse.sty
(/usr/local/texlive/2026/texmf-dist/tex/latex/l3kernel/expl3.sty
Package: expl3 2026-01-19 L3 programming layer (loader) 

(/usr/local/texlive/2026/texmf-dist/tex/latex/l3backend/l3backend-pdftex.def
File: l3backend-pdftex.def 2025-10-09 L3 backend support: PDF output (pdfTeX)
\l__color_backend_stack_int=\count330
))
Package: xparse 2025-10-09 L3 Experimental document command parser
))
\g__tblr_nohyper_int=\count331
\l__tblr_a_int=\count332
\l__tblr_c_int=\count333
\l__tblr_r_int=\count334
\l__tblr_d_dim=\dimen182
\l__tblr_h_dim=\dimen183
\l__tblr_o_dim=\dimen184
\l__tblr_p_dim=\dimen185
\l__tblr_q_dim=\dimen186
\l__tblr_r_dim=\dimen187
\l__tblr_s_dim=\dimen188
\l__tblr_t_dim=\dimen189
\l__tblr_v_dim=\dimen190
\l__tblr_w_dim=\dimen191
\l__tblr_a_box=\box63
\l__tblr_b_box=\box64
\l__tblr_c_box=\box65
\l__tblr_d_box=\box66
\c@tblrcount=\count335
\c@colnum=\count336
\c@rowcount=\count337
\c@colcount=\count338
\abovesep=\dimen192
\belowsep=\dimen193
\leftsep=\dimen194
\rightsep=\dimen195
\gTblrLevelInt=\count339
\g__tblr_data_row_key_count_int=\count340
\g__tblr_data_column_key_count_int=\count341
\g__tblr_data_cell_key_count_int=\count342
\g__tblr_array_int=\count343
\l__tblr_key_count_int=\count344
\l__tblr_key_quotient_int=\count345
\l__tblr_key_quotient_two_int=\count346
\l__tblr_key_remainder_int=\count347
\g__tblr_data_str_value_count_int=\count348
\lTblrChildTotalInt=\count349
\lTblrChildHtotalInt=\count350
\lTblrChildVtotalInt=\count351
\l__child_diff_h_int=\count352
\l__child_diff_v_int=\count353
\l__child_sign_h_int=\count354
\l__child_sign_v_int=\count355
\l__child_step_int=\count356
\lTblrDefaultHruleWidthDim=\dimen196
\lTblrDefaultVruleWidthDim=\dimen197
\l__tblr_split_balance_int=\count357
\l__tblr_strut_dp_dim=\dimen198
\l__tblr_strut_ht_dim=\dimen199
\g__tblr_cell_wd_dim=\dimen256
\g__tblr_cell_ht_dim=\dimen257
\g__tblr_cell_head_dim=\dimen258
\g__tblr_cell_foot_dim=\dimen259
\l__tblr_measured_cell_box=\box67
\g__tblr_last_box=\box68
\l__tblr_temp_box=\box69
\l__tblr_column_target_dim=\dimen260
\l__tblr_hfuzz_dim=\dimen261
\l__tblr_caption_box=\box70
\l__tblr_caption_left_box=\box71
\lTblrRowHeadInt=\count358
\lTblrRowFootInt=\count359
\l__tblr_row_head_box=\box72
\l__tblr_row_foot_box=\box73
\l__tblr_row_head_foot_dim=\dimen262
\lTblrTableWidthDim=\dimen263
\l__tblr_table_firsthead_box=\box74
\l__tblr_table_middlehead_box=\box75
\l__tblr_table_lasthead_box=\box76
\l__tblr_table_firstfoot_box=\box77
\l__tblr_table_middlefoot_box=\box78
\l__tblr_table_lastfoot_box=\box79
\l__tblr_remain_height_dim=\dimen264
\l__tblr_next_rows_dim=\dimen265
\l__tblr_page_overfill_dim=\dimen266
\l__tblr_long_from_int=\count360
\l__tblr_long_to_int=\count361
\l__tblr_curr_i_int=\count362
\l__tblr_prev_i_int=\count363
\lTblrTablePageInt=\count364
\l__tblr_table_head_box=\box80
\l__tblr_table_foot_box=\box81
\l__tblr_table_head_foot_dim=\dimen267
\l__tblr_table_head_body_foot_dim=\dimen268
\l__tblr_table_box=\box82
\lTblrRowFirstInt=\count365
\lTblrRowLastInt=\count366
\l__tblr_cover_box_a_dim=\dimen269
\l__tblr_cover_box_b_dim=\dimen270
\l__tblr_table_hlines_box=\box83
\l__tblr_hline_box=\box84
\l__tblr_row_box=\box85
\l__tblr_col_o_wd_dim=\dimen271
\l__tblr_col_b_wd_dim=\dimen272
\l__tblr_hline_leftskip_dim=\dimen273
\l__tblr_hline_rightskip_dim=\dimen274
\l__tblr_row_ht_dim=\dimen275
\l__tblr_row_dp_dim=\dimen276
\l__tblr_row_abovesep_dim=\dimen277
\l__tblr_row_belowsep_dim=\dimen278
\l__tblr_row_vlines_box=\box86
\l__tblr_vline_box=\box87
\l__tblr_cell_box=\box88
\l__tblr_row_upper_dim=\dimen279
\l__tblr_row_lower_dim=\dimen280
\l__tblr_row_vpace_dim=\dimen281
\l__tblr_vline_aboveskip_dim=\dimen282
\l__tblr_vline_belowskip_dim=\dimen283
\lTblrCellRowSpanInt=\count367
\lTblrCellColSpanInt=\count368
\l__tblr_cell_wd_dim=\dimen284
\l__tblr_cell_ht_dim=\dimen285
\lTblrCellAboveBorderWidthDim=\dimen286
\lTblrCellBelowBorderWidthDim=\dimen287
\lTblrCellLeftBorderWidthDim=\dimen288
\lTblrCellRightBorderWidthDim=\dimen289
\l__tblr_diag_box=\box89
\l__tblr_cell_inner_wd_dim=\dimen290
\l__tblr_cell_inner_dp_dim=\dimen291
\l__tblr_cell_hanchor_dim=\dimen292
\l__tblr_last_cell_table_ht_dim=\dimen293
\l__tblr_last_cell_table_dp_dim=\dimen294
\l__tblr_last_vline_wd_dim=\dimen295
\l__tblr_tikz_node_box=\box90
) (/usr/local/texlive/2026/texmf-dist/tex/latex/booktabs/booktabs.sty
Package: booktabs 2020/01/12 v1.61803398 Publication quality tables
\heavyrulewidth=\dimen296
\lightrulewidth=\dimen297
\cmidrulewidth=\dimen298
\belowrulesep=\dimen299
\belowbottomsep=\dimen300
\aboverulesep=\dimen301
\abovetopsep=\dimen302
\cmidrulesep=\dimen303
\cmidrulekern=\dimen304
\defaultaddspace=\dimen305
\@cmidla=\count369
\@cmidlb=\count370
\@aboverulesep=\dimen306
\@belowrulesep=\dimen307
\@thisruleclass=\count371
\@lastruleclass=\count372
\@thisrulewidth=\dimen308
)
(/usr/local/texlive/2026/texmf-dist/tex/latex/graphics/rotating.sty
Package: rotating 2025/01/14 v2.16e rotated objects in LaTeX
\c@r@tfl@t=\count373
\rotFPtop=\skip114
\rotFPbot=\skip115
\rot@float@box=\box91
\rot@mess@toks=\toks34
)
(/usr/local/texlive/2026/texmf-dist/tex/latex/caption/caption.sty
Package: caption 2023/08/05 v3.6o Customizing captions (AR)

(/usr/local/texlive/2026/texmf-dist/tex/latex/caption/caption3.sty
Package: caption3 2023/07/31 v2.4d caption3 kernel (AR)
\caption@tempdima=\dimen309
\captionmargin=\dimen310
\caption@leftmargin=\dimen311
\caption@rightmargin=\dimen312
\caption@width=\dimen313
\caption@indent=\dimen314
\caption@parindent=\dimen315
\caption@hangindent=\dimen316
Package caption Info: Standard document class detected.
)
\c@caption@flags=\count374
\c@continuedfloat=\count375
Package caption Info: changepage package is loaded.
\caption@adjustwidth@hsize=\dimen317
\caption@adjustwidth@linewidth=\dimen318
Package caption Info: hyperref package is loaded.
Package caption Info: longtable package is loaded.

(/usr/local/texlive/2026/texmf-dist/tex/latex/caption/ltcaption.sty
Package: ltcaption 2021/01/08 v1.4c longtable captions (AR)
)
Package caption Info: rotating package is loaded.
)
(/usr/local/texlive/2026/texmf-dist/tex/latex/caption/subcaption.sty
Package: subcaption 2023/07/28 v1.6b Sub-captions (AR)
Package caption Info: New subtype `subfigure' on input line 238.
\c@subfigure=\count376
Package caption Info: New subtype `subtable' on input line 238.
\c@subtable=\count377
)
(/usr/local/texlive/2026/texmf-dist/tex/latex/titlesec/titlesec.sty
Package: titlesec 2025/01/04 v2.17 Sectioning titles
\ttl@box=\box92
\beforetitleunit=\skip116
\aftertitleunit=\skip117
\ttl@plus=\dimen319
\ttl@minus=\dimen320
\ttl@toksa=\toks35
\titlewidth=\dimen321
\titlewidthlast=\dimen322
\titlewidthfirst=\dimen323
)
(/usr/local/texlive/2026/texmf-dist/tex/latex/svg/svg.sty
Package: svg 2020/11/26 v2.02k (include SVG pictures)

(/usr/local/texlive/2026/texmf-dist/tex/latex/trimspaces/trimspaces.sty
Package: trimspaces 2009/09/17 v1.1 Trim spaces around a token list
)
(/usr/local/texlive/2026/texmf-dist/tex/latex/tools/shellesc.sty
Package: shellesc 2023/07/08 v1.0d unified shell escape interface for LaTeX
Package shellesc Info: Restricted shell escape enabled on input line 77.
)
\c@svg@param@lastpage=\count378
\svg@box=\box93
\c@svg@param@currpage=\count379
)
(/usr/local/texlive/2026/texmf-dist/tex/latex/transparent/transparent.sty
Package: transparent 2025-06-23 v1.6 Transparency with color stacks

(/usr/local/texlive/2026/texmf-dist/tex/latex/transparent/transparent-nometadat
a.sty
Package: transparent-nometadata 2025-06-23 v1.6 Transparency via pdfTeX's color
 stack (HO)
 (/usr/local/texlive/2026/texmf-dist/tex/latex/auxhook/auxhook.sty
Package: auxhook 2019-12-17 v1.6 Hooks for auxiliary files (HO)
)))
(/usr/local/texlive/2026/texmf-dist/tex/latex/pgf/systemlayer/pgfsys.sty
(/usr/local/texlive/2026/texmf-dist/tex/latex/pgf/utilities/pgfrcs.sty
(/usr/local/texlive/2026/texmf-dist/tex/generic/pgf/utilities/pgfutil-common.te
x
\pgfutil@everybye=\toks36
\pgfutil@tempdima=\dimen324
\pgfutil@tempdimb=\dimen325
)
(/usr/local/texlive/2026/texmf-dist/tex/generic/pgf/utilities/pgfutil-latex.def
\pgfutil@abb=\box94
) (/usr/local/texlive/2026/texmf-dist/tex/generic/pgf/utilities/pgfrcs.code.tex
(/usr/local/texlive/2026/texmf-dist/tex/generic/pgf/pgf.revision.tex)
Package: pgfrcs 2025-08-29 v3.1.11a (3.1.11a)
))
(/usr/local/texlive/2026/texmf-dist/tex/generic/pgf/systemlayer/pgfsys.code.tex
Package: pgfsys 2025-08-29 v3.1.11a (3.1.11a)
(/usr/local/texlive/2026/texmf-dist/tex/generic/pgf/utilities/pgfkeys.code.tex
\pgfkeys@pathtoks=\toks37
\pgfkeys@temptoks=\toks38

(/usr/local/texlive/2026/texmf-dist/tex/generic/pgf/utilities/pgfkeyslibraryfil
tered.code.tex
\pgfkeys@tmptoks=\toks39
))
\pgf@x=\dimen326
\pgf@y=\dimen327
\pgf@xa=\dimen328
\pgf@ya=\dimen329
\pgf@xb=\dimen330
\pgf@yb=\dimen331
\pgf@xc=\dimen332
\pgf@yc=\dimen333
\pgf@xd=\dimen334
\pgf@yd=\dimen335
\w@pgf@writea=\write3
\r@pgf@reada=\read2
\c@pgf@counta=\count380
\c@pgf@countb=\count381
\c@pgf@countc=\count382
\c@pgf@countd=\count383
\t@pgf@toka=\toks40
\t@pgf@tokb=\toks41
\t@pgf@tokc=\toks42
\pgf@sys@id@count=\count384

(/usr/local/texlive/2026/texmf-dist/tex/generic/pgf/systemlayer/pgf.cfg
File: pgf.cfg 2025-08-29 v3.1.11a (3.1.11a)
)
Driver file for pgf: pgfsys-pdftex.def

(/usr/local/texlive/2026/texmf-dist/tex/generic/pgf/systemlayer/pgfsys-pdftex.d
ef
File: pgfsys-pdftex.def 2025-08-29 v3.1.11a (3.1.11a)

(/usr/local/texlive/2026/texmf-dist/tex/generic/pgf/systemlayer/pgfsys-common-p
df.def
File: pgfsys-common-pdf.def 2025-08-29 v3.1.11a (3.1.11a)
)))
(/usr/local/texlive/2026/texmf-dist/tex/generic/pgf/systemlayer/pgfsyssoftpath.
code.tex
File: pgfsyssoftpath.code.tex 2025-08-29 v3.1.11a (3.1.11a)
\pgfsyssoftpath@smallbuffer@items=\count385
\pgfsyssoftpath@bigbuffer@items=\count386
)
(/usr/local/texlive/2026/texmf-dist/tex/generic/pgf/systemlayer/pgfsysprotocol.
code.tex
File: pgfsysprotocol.code.tex 2025-08-29 v3.1.11a (3.1.11a)
)) (/usr/local/texlive/2026/texmf-dist/tex/latex/float/float.sty
Package: float 2001/11/08 v1.3d Float enhancements (AL)
\c@float@type=\count387
\float@exts=\toks43
\float@box=\box95
\@float@everytoks=\toks44
\@floatcapt=\box96
)
Package hyperref Info: Option `colorlinks' set `true' on input line 37.
\@nomenclaturefile=\write4
\openout4 = `main.nlo'.

Package nomencl Info: Writing nomenclature file main.nlo on input line 39.


Package fancyhdr Warning: \fancyhead's `E' option without twoside option is use
less.
(fancyhdr)                Please consider using the `twoside' option on input l
ine 44.


Package fancyhdr Warning: \fancyhead's `E' option without twoside option is use
less.
(fancyhdr)                Please consider using the `twoside' option on input l
ine 45.

LaTeX Font Info:    Trying to load font information for T1+lmr on input line 53
.
(/usr/local/texlive/2026/texmf-dist/tex/latex/lm/t1lmr.fd
File: t1lmr.fd 2015/05/01 v1.6.1 Font defs for Latin Modern
) (./main.aux)
\openout1 = `main.aux'.

LaTeX Font Info:    Checking defaults for OML/cmm/m/it on input line 53.
LaTeX Font Info:    ... okay on input line 53.
LaTeX Font Info:    Checking defaults for OMS/cmsy/m/n on input line 53.
LaTeX Font Info:    ... okay on input line 53.
LaTeX Font Info:    Checking defaults for OT1/cmr/m/n on input line 53.
LaTeX Font Info:    ... okay on input line 53.
LaTeX Font Info:    Checking defaults for T1/cmr/m/n on input line 53.
LaTeX Font Info:    ... okay on input line 53.
LaTeX Font Info:    Checking defaults for TS1/cmr/m/n on input line 53.
LaTeX Font Info:    ... okay on input line 53.
LaTeX Font Info:    Checking defaults for OMX/cmex/m/n on input line 53.
LaTeX Font Info:    ... okay on input line 53.
LaTeX Font Info:    Checking defaults for U/cmr/m/n on input line 53.
LaTeX Font Info:    ... okay on input line 53.
LaTeX Font Info:    Checking defaults for PD1/pdf/m/n on input line 53.
LaTeX Font Info:    ... okay on input line 53.
LaTeX Font Info:    Checking defaults for PU/pdf/m/n on input line 53.
LaTeX Font Info:    ... okay on input line 53.
Package hyperref Info: Link coloring ON on input line 53.

(./main.out) (./main.out)
\@outlinefile=\write5
\openout5 = `main.out'.


*geometry* driver: auto-detecting
*geometry* detected driver: pdftex
*geometry* verbose mode - [ preamble ] result:
* driver: pdftex
* paper: <default>
* layout: <same size as paper>
* layoutoffset:(h,v)=(0.0pt,0.0pt)
* modes: 
* h-part:(L,W,R)=(72.26999pt, 469.75502pt, 72.26999pt)
* v-part:(T,H,B)=(72.26999pt, 650.43001pt, 72.26999pt)
* \paperwidth=614.295pt
* \paperheight=794.96999pt
* \textwidth=469.75502pt
* \textheight=650.43001pt
* \oddsidemargin=0.0pt
* \evensidemargin=0.0pt
* \topmargin=-37.0pt
* \headheight=12.0pt
* \headsep=25.0pt
* \topskip=12.0pt
* \footskip=30.0pt
* \marginparwidth=44.0pt
* \marginparsep=10.0pt
* \columnsep=10.0pt
* \skip\footins=10.8pt plus 4.0pt minus 2.0pt
* \hoffset=0.0pt
* \voffset=0.0pt
* \mag=1000
* \@twocolumnfalse
* \@twosidefalse
* \@mparswitchfalse
* \@reversemarginfalse
* (1in=72.27pt=25.4mm, 1cm=28.453pt)

(/usr/local/texlive/2026/texmf-dist/tex/context/base/mkii/supp-pdf.mkii
[Loading MPS to PDF converter (version 2006.09.02).]
\scratchcounter=\count388
\scratchdimen=\dimen336
\scratchbox=\box97
\nofMPsegments=\count389
\nofMParguments=\count390
\everyMPshowfont=\toks45
\MPscratchCnt=\count391
\MPscratchDim=\dimen337
\MPnumerator=\count392
\makeMPintoPDFobject=\count393
\everyMPtoPDFconversion=\toks46
) (/usr/local/texlive/2026/texmf-dist/tex/latex/epstopdf-pkg/epstopdf-base.sty
Package: epstopdf-base 2020-01-24 v2.11 Base part for package epstopdf
Package epstopdf-base Info: Redefining graphics rule for `.eps' on input line 4
85.

(/usr/local/texlive/2026/texmf-dist/tex/latex/latexconfig/epstopdf-sys.cfg
File: epstopdf-sys.cfg 2010/07/13 v1.3 Configuration of (r)epstopdf for TeX Liv
e
))
Package caption Info: Begin \AtBeginDocument code.
Package caption Info: float package is loaded.
Package caption Info: End \AtBeginDocument code.

(./titlepage.tex
<images/Logo2.png, id=295, 936.49875pt x 260.975pt>
File: images/Logo2.png Graphic file (type png)
<use images/Logo2.png>
Package pdftex.def Info: images/Logo2.png  used on input line 4.
(pdftex.def)             Requested size: 469.75502pt x 130.90929pt.
<images/red _line.png, id=297, 187.45032pt x 145.29282pt>
File: images/red _line.png Graphic file (type png)
<use images/red _line.png>
Package pdftex.def Info: images/red _line.png  used on input line 7.
(pdftex.def)             Requested size: 469.78587pt x 5.68878pt.
 [1

{/usr/local/texlive/2026/texmf-var/fonts/map/pdftex/updmap/pdftex.map}{/usr/loc
al/texlive/2026/texmf-dist/fonts/enc/dvips/lm/lm-ec.enc} <./images/Logo2.png> <
./images/red _line.png>]) (./declaration.tex
LaTeX Font Info:    Trying to load font information for T1+ptm on input line 12
.

(/usr/local/texlive/2026/texmf-dist/tex/latex/psnfss/t1ptm.fd
File: t1ptm.fd 2001/06/04 font definitions for T1/ptm.
)
LaTeX Font Info:    Trying to load font information for OT1+lmr on input line 1
4.

(/usr/local/texlive/2026/texmf-dist/tex/latex/lm/ot1lmr.fd
File: ot1lmr.fd 2015/05/01 v1.6.1 Font defs for Latin Modern
)
LaTeX Font Info:    Trying to load font information for OML+lmm on input line 1
4.

(/usr/local/texlive/2026/texmf-dist/tex/latex/lm/omllmm.fd
File: omllmm.fd 2015/05/01 v1.6.1 Font defs for Latin Modern
)
LaTeX Font Info:    Trying to load font information for OMS+lmsy on input line 
14.

(/usr/local/texlive/2026/texmf-dist/tex/latex/lm/omslmsy.fd
File: omslmsy.fd 2015/05/01 v1.6.1 Font defs for Latin Modern
)
LaTeX Font Info:    Trying to load font information for OMX+lmex on input line 
14.

(/usr/local/texlive/2026/texmf-dist/tex/latex/lm/omxlmex.fd
File: omxlmex.fd 2015/05/01 v1.6.1 Font defs for Latin Modern
)
LaTeX Font Info:    External font `lmex10' loaded for size
(Font)              <12> on input line 14.
LaTeX Font Info:    External font `lmex10' loaded for size
(Font)              <8> on input line 14.
LaTeX Font Info:    External font `lmex10' loaded for size
(Font)              <6> on input line 14.
LaTeX Font Info:    Trying to load font information for U+msa on input line 14.


(/usr/local/texlive/2026/texmf-dist/tex/latex/amsfonts/umsa.fd
File: umsa.fd 2013/01/14 v3.01 AMS symbols A
)
LaTeX Font Info:    Trying to load font information for U+msb on input line 14.


(/usr/local/texlive/2026/texmf-dist/tex/latex/amsfonts/umsb.fd
File: umsb.fd 2013/01/14 v3.01 AMS symbols B
)
Overfull \hbox (10.4347pt too wide) in paragraph at lines 14--27
[][]
 []


Underfull \hbox (badness 10000) in paragraph at lines 14--27

 []

) (./approval.tex
pdfTeX warning (ext4): destination with the same identifier (name{page.i}) has 
been already used, duplicate ignored
<to be read again> 
                   \relax 
l.1 \chapter
            *{Approval} [1

{/usr/local/texlive/2026/texmf-dist/fonts/enc/dvips/base/8r.enc}]) (./dedicatio
n.tex [2

]) (./acknowledgements.tex [3

])
(./abstract.tex [4

]) (./acronyms.tex (./main.nls [5

] [6

]))

Package fancyhdr Warning: \headheight is too small (12.0pt): 
(fancyhdr)                Make it at least 14.49998pt, for example:
(fancyhdr)                \setlength{\headheight}{14.49998pt}.
(fancyhdr)                You might also make \topmargin smaller:
(fancyhdr)                \addtolength{\topmargin}{-2.49998pt}.

[7] (./main.toc [8]

Package fancyhdr Warning: \headheight is too small (12.0pt): 
(fancyhdr)                Make it at least 14.49998pt, for example:
(fancyhdr)                \setlength{\headheight}{14.49998pt}.
(fancyhdr)                You might also make \topmargin smaller:
(fancyhdr)                \addtolength{\topmargin}{-2.49998pt}.

[9])
\tf@toc=\write6
\openout6 = `main.toc'.

 (./main.lof)
\tf@lof=\write7
\openout7 = `main.lof'.

 (./main.lot)
\tf@lot=\write8
\openout8 = `main.lot'.

 [10] (./chapters/introduction.tex
Chapter 1.
[1

]

Package fancyhdr Warning: \headheight is too small (12.0pt): 
(fancyhdr)                Make it at least 14.49998pt, for example:
(fancyhdr)                \setlength{\headheight}{14.49998pt}.
(fancyhdr)                You might also make \topmargin smaller:
(fancyhdr)                \addtolength{\topmargin}{-2.49998pt}.

[2]
LaTeX Font Info:    Trying to load font information for TS1+lmr on input line 1
52.
 (/usr/local/texlive/2026/texmf-dist/tex/latex/lm/ts1lmr.fd
File: ts1lmr.fd 2015/05/01 v1.6.1 Font defs for Latin Modern
)

Package fancyhdr Warning: \headheight is too small (12.0pt): 
(fancyhdr)                Make it at least 14.49998pt, for example:
(fancyhdr)                \setlength{\headheight}{14.49998pt}.
(fancyhdr)                You might also make \topmargin smaller:
(fancyhdr)                \addtolength{\topmargin}{-2.49998pt}.

[3{/usr/local/texlive/2026/texmf-dist/fonts/enc/dvips/lm/lm-ts1.enc}])
(./chapters/literature_review.tex

Package fancyhdr Warning: \headheight is too small (12.0pt): 
(fancyhdr)                Make it at least 14.49998pt, for example:
(fancyhdr)                \setlength{\headheight}{14.49998pt}.
(fancyhdr)                You might also make \topmargin smaller:
(fancyhdr)                \addtolength{\topmargin}{-2.49998pt}.

[4]
Chapter 2.
[5

]

Package fancyhdr Warning: \headheight is too small (12.0pt): 
(fancyhdr)                Make it at least 14.49998pt, for example:
(fancyhdr)                \setlength{\headheight}{14.49998pt}.
(fancyhdr)                You might also make \topmargin smaller:
(fancyhdr)                \addtolength{\topmargin}{-2.49998pt}.

[6]

Package fancyhdr Warning: \headheight is too small (12.0pt): 
(fancyhdr)                Make it at least 14.49998pt, for example:
(fancyhdr)                \setlength{\headheight}{14.49998pt}.
(fancyhdr)                You might also make \topmargin smaller:
(fancyhdr)                \addtolength{\topmargin}{-2.49998pt}.

[7]

Package fancyhdr Warning: \headheight is too small (12.0pt): 
(fancyhdr)                Make it at least 14.49998pt, for example:
(fancyhdr)                \setlength{\headheight}{14.49998pt}.
(fancyhdr)                You might also make \topmargin smaller:
(fancyhdr)                \addtolength{\topmargin}{-2.49998pt}.

[8]

Package fancyhdr Warning: \headheight is too small (12.0pt): 
(fancyhdr)                Make it at least 14.49998pt, for example:
(fancyhdr)                \setlength{\headheight}{14.49998pt}.
(fancyhdr)                You might also make \topmargin smaller:
(fancyhdr)                \addtolength{\topmargin}{-2.49998pt}.

[9]

Package fancyhdr Warning: \headheight is too small (12.0pt): 
(fancyhdr)                Make it at least 14.49998pt, for example:
(fancyhdr)                \setlength{\headheight}{14.49998pt}.
(fancyhdr)                You might also make \topmargin smaller:
(fancyhdr)                \addtolength{\topmargin}{-2.49998pt}.

[10]

Package fancyhdr Warning: \headheight is too small (12.0pt): 
(fancyhdr)                Make it at least 14.49998pt, for example:
(fancyhdr)                \setlength{\headheight}{14.49998pt}.
(fancyhdr)                You might also make \topmargin smaller:
(fancyhdr)                \addtolength{\topmargin}{-2.49998pt}.

[11]

Package fancyhdr Warning: \headheight is too small (12.0pt): 
(fancyhdr)                Make it at least 14.49998pt, for example:
(fancyhdr)                \setlength{\headheight}{14.49998pt}.
(fancyhdr)                You might also make \topmargin smaller:
(fancyhdr)                \addtolength{\topmargin}{-2.49998pt}.

[12]

Package fancyhdr Warning: \headheight is too small (12.0pt): 
(fancyhdr)                Make it at least 14.49998pt, for example:
(fancyhdr)                \setlength{\headheight}{14.49998pt}.
(fancyhdr)                You might also make \topmargin smaller:
(fancyhdr)                \addtolength{\topmargin}{-2.49998pt}.

[13]
Overfull \hbox (2.55156pt too wide) in paragraph at lines 641--641
|[]\T1/lmr/bx/n/14.4 Comparative anal-y-sis ta-ble of the dif-fer-ent ride-hail
ing plat-
 []


Overfull \hbox (1.82832pt too wide) in paragraph at lines 726--726
[]\T1/lmr/bx/n/12 Feature 
 []


Overfull \hbox (1.64897pt too wide) in paragraph at lines 726--726
[]\T1/lmr/bx/n/12 Transport
 []


Underfull \hbox (badness 10000) in paragraph at lines 726--726
[]\T1/lmr/bx/n/12 Booking
 []


Underfull \hbox (badness 10000) in paragraph at lines 726--726
[]\T1/lmr/bx/n/12 Route
 []


Underfull \hbox (badness 10000) in paragraph at lines 726--726
[]\T1/lmr/bx/n/12 Seat
 []


Underfull \hbox (badness 10000) in paragraph at lines 726--726
\T1/lmr/bx/n/12 man-age-
 []


Underfull \hbox (badness 10000) in paragraph at lines 726--726
[]\T1/lmr/bx/n/12 Operational
 []


Underfull \hbox (badness 10000) in paragraph at lines 726--726
\T1/lmr/bx/n/12 co-or-di-na-
 []


Underfull \hbox (badness 10000) in paragraph at lines 726--726
[]\T1/lmr/bx/n/12 Pricing
 []


Underfull \hbox (badness 10000) in paragraph at lines 726--726
[]\T1/lmr/bx/n/12 Courier
 []


Underfull \hbox (badness 10000) in paragraph at lines 726--726
\T1/lmr/bx/n/12 in-te-gra-
 []


Underfull \hbox (badness 10000) in paragraph at lines 726--726
[]\T1/lmr/m/n/12 Fixed-
 []


Underfull \hbox (badness 10000) in paragraph at lines 726--726
\T1/lmr/m/n/12 route
 []


Underfull \hbox (badness 10000) in paragraph at lines 726--726
\T1/lmr/m/n/12 pri-vate
 []


Overfull \hbox (6.73666pt too wide) in paragraph at lines 726--726
[]\T1/lmr/m/n/12 Independent
 []


Underfull \hbox (badness 10000) in paragraph at lines 726--726
[]\T1/lmr/m/n/12 Fixed in-ter-
 []


Underfull \hbox (badness 10000) in paragraph at lines 726--726
\T1/lmr/m/n/12 city routes
 []


Underfull \hbox (badness 10000) in paragraph at lines 726--726
\T1/lmr/m/n/12 (e.g., Kam-
 []


Underfull \hbox (badness 10000) in paragraph at lines 726--726
[]\T1/lmr/m/n/12 Real-time
 []


Underfull \hbox (badness 10000) in paragraph at lines 726--726
\T1/lmr/m/n/12 seat al-lo-
 []


Underfull \hbox (badness 10000) in paragraph at lines 726--726
[]\T1/lmr/m/n/12 Operator-
 []


Underfull \hbox (badness 10000) in paragraph at lines 726--726
\T1/lmr/m/n/12 level shut-tle
 []


Underfull \hbox (badness 10000) in paragraph at lines 726--726
[]\T1/lmr/m/n/12 Fixed
 []


Underfull \hbox (badness 10000) in paragraph at lines 726--726
\T1/lmr/m/n/12 fare per
 []


Underfull \hbox (badness 6978) in paragraph at lines 726--726
\T1/lmr/m/n/12 seat and
 []


Underfull \hbox (badness 10000) in paragraph at lines 726--726
\T1/lmr/m/n/12 courier
 []


Underfull \hbox (badness 1466) in paragraph at lines 726--726
[]\T1/lmr/m/n/12 Fully in-
 []


Underfull \hbox (badness 10000) in paragraph at lines 726--726
\T1/lmr/m/n/12 te-grated
 []


Underfull \hbox (badness 10000) in paragraph at lines 726--726
\T1/lmr/m/n/12 pas-sen-
 []


Underfull \hbox (badness 10000) in paragraph at lines 726--726
\T1/lmr/m/n/12 ger and
 []


Underfull \hbox (badness 10000) in paragraph at lines 726--726
\T1/lmr/m/n/12 par-cel
 []


Underfull \hbox (badness 10000) in paragraph at lines 726--726
[]\T1/lmr/m/n/12 Point-
 []


Underfull \hbox (badness 10000) in paragraph at lines 726--726
\T1/lmr/m/n/12 to-point
 []


Underfull \hbox (badness 10000) in paragraph at lines 726--726
\T1/lmr/m/n/12 rides or
 []


Underfull \hbox (badness 10000) in paragraph at lines 726--726
\T1/lmr/m/n/12 nav-i-ga-tion
 []


Underfull \hbox (badness 10000) in paragraph at lines 726--726
\T1/lmr/m/n/12 or trip
 []


Underfull \hbox (badness 10000) in paragraph at lines 726--726
\T1/lmr/m/n/12 plan-ning
 []


Underfull \hbox (badness 10000) in paragraph at lines 726--726
[]\T1/lmr/m/n/12 Dynamic or
 []


Underfull \hbox (badness 10000) in paragraph at lines 726--726
[]\T1/lmr/m/n/12 Not ex-
 []


Underfull \hbox (badness 10000) in paragraph at lines 726--726
\T1/lmr/m/n/12 posed to
 []


Underfull \hbox (badness 10000) in paragraph at lines 726--726
[]\T1/lmr/m/n/12 Driver-
 []


Underfull \hbox (badness 10000) in paragraph at lines 726--726
\T1/lmr/m/n/12 passenger
 []


Underfull \hbox (badness 10000) in paragraph at lines 726--726
\T1/lmr/m/n/12 match-ing
 []


Underfull \hbox (badness 10000) in paragraph at lines 726--726
\T1/lmr/m/n/12 or route
 []


Underfull \hbox (badness 10000) in paragraph at lines 726--726
[]\T1/lmr/m/n/12 Dynamic
 []


Underfull \hbox (badness 10000) in paragraph at lines 726--726
\T1/lmr/m/n/12 or
 []


Underfull \hbox (badness 10000) in paragraph at lines 726--726
\T1/lmr/m/n/12 distance-
 []


Underfull \hbox (badness 10000) in paragraph at lines 726--726
[]\T1/lmr/m/n/12 Separate
 []


Underfull \hbox (badness 10000) in paragraph at lines 726--726
\T1/lmr/m/n/12 or lim-
 []


Overfull \hbox (3.99478pt too wide) in paragraph at lines 726--726
[]\T1/lmr/m/n/12 Safeboda 
 []


Underfull \hbox (badness 10000) in paragraph at lines 726--726
[]\T1/lmr/m/n/12 Point-
 []


Underfull \hbox (badness 10000) in paragraph at lines 726--726
\T1/lmr/m/n/12 to-point
 []


Underfull \hbox (badness 10000) in paragraph at lines 726--726
\T1/lmr/m/n/12 rides or
 []


Underfull \hbox (badness 10000) in paragraph at lines 726--726
\T1/lmr/m/n/12 nav-i-ga-tion
 []


Underfull \hbox (badness 10000) in paragraph at lines 726--726
\T1/lmr/m/n/12 or trip
 []


Underfull \hbox (badness 10000) in paragraph at lines 726--726
\T1/lmr/m/n/12 plan-ning
 []


Underfull \hbox (badness 10000) in paragraph at lines 726--726
[]\T1/lmr/m/n/12 Dynamic or
 []


Underfull \hbox (badness 10000) in paragraph at lines 726--726
[]\T1/lmr/m/n/12 Not ex-
 []


Underfull \hbox (badness 10000) in paragraph at lines 726--726
\T1/lmr/m/n/12 posed to
 []


Underfull \hbox (badness 10000) in paragraph at lines 726--726
[]\T1/lmr/m/n/12 Driver-
 []


Underfull \hbox (badness 10000) in paragraph at lines 726--726
\T1/lmr/m/n/12 passenger
 []


Underfull \hbox (badness 10000) in paragraph at lines 726--726
\T1/lmr/m/n/12 match-ing
 []


Underfull \hbox (badness 10000) in paragraph at lines 726--726
\T1/lmr/m/n/12 or route
 []


Underfull \hbox (badness 10000) in paragraph at lines 726--726
[]\T1/lmr/m/n/12 Dynamic
 []


Underfull \hbox (badness 10000) in paragraph at lines 726--726
\T1/lmr/m/n/12 or
 []


Underfull \hbox (badness 10000) in paragraph at lines 726--726
\T1/lmr/m/n/12 distance-
 []


Underfull \hbox (badness 10000) in paragraph at lines 726--726
[]\T1/lmr/m/n/12 Separate
 []


Underfull \hbox (badness 10000) in paragraph at lines 726--726
\T1/lmr/m/n/12 or lim-
 []


Underfull \hbox (badness 10000) in paragraph at lines 726--726
[]\T1/lmr/m/n/12 Taxify
 []


Underfull \hbox (badness 10000) in paragraph at lines 726--726
[]\T1/lmr/m/n/12 Point-
 []


Underfull \hbox (badness 10000) in paragraph at lines 726--726
\T1/lmr/m/n/12 to-point
 []


Underfull \hbox (badness 10000) in paragraph at lines 726--726
\T1/lmr/m/n/12 rides or
 []


Underfull \hbox (badness 10000) in paragraph at lines 726--726
\T1/lmr/m/n/12 nav-i-ga-tion
 []


Underfull \hbox (badness 10000) in paragraph at lines 726--726
\T1/lmr/m/n/12 or trip
 []


Underfull \hbox (badness 10000) in paragraph at lines 726--726
\T1/lmr/m/n/12 plan-ning
 []


Underfull \hbox (badness 10000) in paragraph at lines 726--726
[]\T1/lmr/m/n/12 Dynamic or
 []


Underfull \hbox (badness 10000) in paragraph at lines 726--726
[]\T1/lmr/m/n/12 Not ex-
 []


Underfull \hbox (badness 10000) in paragraph at lines 726--726
\T1/lmr/m/n/12 posed to
 []


Underfull \hbox (badness 10000) in paragraph at lines 726--726
[]\T1/lmr/m/n/12 Driver-
 []


Underfull \hbox (badness 10000) in paragraph at lines 726--726
\T1/lmr/m/n/12 passenger
 []


Underfull \hbox (badness 10000) in paragraph at lines 726--726
\T1/lmr/m/n/12 match-ing
 []


Underfull \hbox (badness 10000) in paragraph at lines 726--726
\T1/lmr/m/n/12 or route
 []


Underfull \hbox (badness 10000) in paragraph at lines 726--726
[]\T1/lmr/m/n/12 Dynamic
 []


Underfull \hbox (badness 10000) in paragraph at lines 726--726
\T1/lmr/m/n/12 or
 []


Underfull \hbox (badness 10000) in paragraph at lines 726--726
\T1/lmr/m/n/12 distance-
 []


Underfull \hbox (badness 10000) in paragraph at lines 726--726
[]\T1/lmr/m/n/12 Separate
 []


Underfull \hbox (badness 10000) in paragraph at lines 726--726
\T1/lmr/m/n/12 or lim-
 []


Underfull \hbox (badness 10000) in paragraph at lines 726--726
[]\T1/lmr/m/n/12 Point-
 []


Underfull \hbox (badness 10000) in paragraph at lines 726--726
\T1/lmr/m/n/12 to-point
 []


Underfull \hbox (badness 10000) in paragraph at lines 726--726
\T1/lmr/m/n/12 rides or
 []


Underfull \hbox (badness 10000) in paragraph at lines 726--726
\T1/lmr/m/n/12 nav-i-ga-tion
 []


Underfull \hbox (badness 10000) in paragraph at lines 726--726
\T1/lmr/m/n/12 or trip
 []


Underfull \hbox (badness 10000) in paragraph at lines 726--726
\T1/lmr/m/n/12 plan-ning
 []


Underfull \hbox (badness 10000) in paragraph at lines 726--726
[]\T1/lmr/m/n/12 Dynamic or
 []


Underfull \hbox (badness 10000) in paragraph at lines 726--726
[]\T1/lmr/m/n/12 Not ex-
 []


Underfull \hbox (badness 10000) in paragraph at lines 726--726
\T1/lmr/m/n/12 posed to
 []


Underfull \hbox (badness 10000) in paragraph at lines 726--726
[]\T1/lmr/m/n/12 Driver- pas-
 []


Underfull \hbox (badness 1881) in paragraph at lines 726--726
\T1/lmr/m/n/12 ing or route
 []


Underfull \hbox (badness 10000) in paragraph at lines 726--726
[]\T1/lmr/m/n/12 Dynamic
 []


Underfull \hbox (badness 10000) in paragraph at lines 726--726
\T1/lmr/m/n/12 or
 []


Underfull \hbox (badness 10000) in paragraph at lines 726--726
\T1/lmr/m/n/12 distance-
 []


Underfull \hbox (badness 10000) in paragraph at lines 726--726
[]\T1/lmr/m/n/12 Separate
 []


Underfull \hbox (badness 10000) in paragraph at lines 726--726
\T1/lmr/m/n/12 or lim-
 []


Underfull \hbox (badness 10000) in paragraph at lines 726--726
[]\T1/lmr/m/n/12 Point-
 []


Underfull \hbox (badness 10000) in paragraph at lines 726--726
\T1/lmr/m/n/12 to-point
 []


Underfull \hbox (badness 10000) in paragraph at lines 726--726
\T1/lmr/m/n/12 rides or
 []


Underfull \hbox (badness 10000) in paragraph at lines 726--726
\T1/lmr/m/n/12 nav-i-ga-tion
 []


Underfull \hbox (badness 10000) in paragraph at lines 726--726
\T1/lmr/m/n/12 or trip
 []


Underfull \hbox (badness 10000) in paragraph at lines 726--726
\T1/lmr/m/n/12 plan-ning
 []


Underfull \hbox (badness 10000) in paragraph at lines 726--726
[]\T1/lmr/m/n/12 Dynamic or
 []


Underfull \hbox (badness 10000) in paragraph at lines 726--726
[]\T1/lmr/m/n/12 Not ex-
 []


Underfull \hbox (badness 10000) in paragraph at lines 726--726
\T1/lmr/m/n/12 posed to
 []


Underfull \hbox (badness 10000) in paragraph at lines 726--726
[]\T1/lmr/m/n/12 Driver-
 []


Underfull \hbox (badness 10000) in paragraph at lines 726--726
\T1/lmr/m/n/12 passenger
 []


Underfull \hbox (badness 10000) in paragraph at lines 726--726
\T1/lmr/m/n/12 match-ing
 []


Underfull \hbox (badness 10000) in paragraph at lines 726--726
\T1/lmr/m/n/12 or route
 []


Underfull \hbox (badness 10000) in paragraph at lines 726--726
[]\T1/lmr/m/n/12 Dynamic
 []


Underfull \hbox (badness 10000) in paragraph at lines 726--726
\T1/lmr/m/n/12 or
 []


Underfull \hbox (badness 10000) in paragraph at lines 726--726
\T1/lmr/m/n/12 distance-
 []


Underfull \hbox (badness 10000) in paragraph at lines 726--726
[]\T1/lmr/m/n/12 Separate
 []


Underfull \hbox (badness 10000) in paragraph at lines 726--726
\T1/lmr/m/n/12 or lim-
 []


Underfull \hbox (badness 10000) in paragraph at lines 726--726
[]\T1/lmr/m/n/12 Transit
 []


Underfull \hbox (badness 10000) in paragraph at lines 726--726
[]\T1/lmr/m/n/12 Point-
 []


Underfull \hbox (badness 10000) in paragraph at lines 726--726
\T1/lmr/m/n/12 to-point
 []


Underfull \hbox (badness 10000) in paragraph at lines 726--726
\T1/lmr/m/n/12 rides or
 []


Underfull \hbox (badness 10000) in paragraph at lines 726--726
\T1/lmr/m/n/12 nav-i-ga-tion
 []


Underfull \hbox (badness 10000) in paragraph at lines 726--726
\T1/lmr/m/n/12 or trip
 []


Underfull \hbox (badness 10000) in paragraph at lines 726--726
\T1/lmr/m/n/12 plan-ning
 []


Underfull \hbox (badness 10000) in paragraph at lines 726--726
[]\T1/lmr/m/n/12 Dynamic or
 []


Underfull \hbox (badness 10000) in paragraph at lines 726--726
[]\T1/lmr/m/n/12 Not ex-
 []


Underfull \hbox (badness 10000) in paragraph at lines 726--726
\T1/lmr/m/n/12 posed to
 []


Underfull \hbox (badness 10000) in paragraph at lines 726--726
[]\T1/lmr/m/n/12 Driver-
 []


Underfull \hbox (badness 10000) in paragraph at lines 726--726
\T1/lmr/m/n/12 passenger
 []


Underfull \hbox (badness 10000) in paragraph at lines 726--726
\T1/lmr/m/n/12 match-ing
 []


Underfull \hbox (badness 10000) in paragraph at lines 726--726
\T1/lmr/m/n/12 or route
 []


Underfull \hbox (badness 10000) in paragraph at lines 726--726
[]\T1/lmr/m/n/12 Dynamic
 []


Underfull \hbox (badness 10000) in paragraph at lines 726--726
\T1/lmr/m/n/12 or
 []


Underfull \hbox (badness 10000) in paragraph at lines 726--726
\T1/lmr/m/n/12 distance-
 []


Underfull \hbox (badness 10000) in paragraph at lines 726--726
[]\T1/lmr/m/n/12 Separate
 []


Underfull \hbox (badness 10000) in paragraph at lines 726--726
\T1/lmr/m/n/12 or lim-
 []


Underfull \hbox (badness 10000) in paragraph at lines 726--726
[]\T1/lmr/m/n/12 Shared
 []


Underfull \hbox (badness 10000) in paragraph at lines 726--726
\T1/lmr/m/n/12 mass
 []


Underfull \hbox (badness 10000) in paragraph at lines 726--726
\T1/lmr/m/n/12 tran-sit
 []


Underfull \hbox (badness 10000) in paragraph at lines 726--726
\T1/lmr/m/n/12 (bus-like
 []


Underfull \hbox (badness 10000) in paragraph at lines 726--726
[]\T1/lmr/m/n/12 Grouped
 []


Underfull \hbox (badness 10000) in paragraph at lines 726--726
\T1/lmr/m/n/12 or shared
 []


Underfull \hbox (badness 10000) in paragraph at lines 726--726
\T1/lmr/m/n/12 ride
 []


Underfull \hbox (badness 10000) in paragraph at lines 726--726
\T1/lmr/m/n/12 match-
 []


Underfull \hbox (badness 10000) in paragraph at lines 726--726
[]\T1/lmr/m/n/12 Algorithm-
 []


Underfull \hbox (badness 3657) in paragraph at lines 726--726
\T1/lmr/m/n/12 optimized or
 []


Underfull \hbox (badness 10000) in paragraph at lines 726--726
[]\T1/lmr/m/n/12 Limited
 []


Underfull \hbox (badness 10000) in paragraph at lines 726--726
\T1/lmr/m/n/12 group-ing,
 []


Underfull \hbox (badness 10000) in paragraph at lines 726--726
\T1/lmr/m/n/12 not seat-
 []


Underfull \hbox (badness 10000) in paragraph at lines 726--726
\T1/lmr/m/n/12 by-seat
 []


Underfull \hbox (badness 10000) in paragraph at lines 726--726
[]\T1/lmr/m/n/12 System-level
 []


Underfull \hbox (badness 10000) in paragraph at lines 726--726
\T1/lmr/m/n/12 fleet op-ti-
 []


Underfull \hbox (badness 10000) in paragraph at lines 726--726
[]\T1/lmr/m/n/12 Variable
 []


Underfull \hbox (badness 1067) in paragraph at lines 726--726
[]\T1/lmr/m/n/12 Not core
 []


Underfull \hbox (badness 10000) in paragraph at lines 726--726
\T1/lmr/m/n/12 func-tion-
 []


Underfull \hbox (badness 10000) in paragraph at lines 726--726
[]\T1/lmr/m/n/12 Shared
 []


Underfull \hbox (badness 10000) in paragraph at lines 726--726
\T1/lmr/m/n/12 mass
 []


Underfull \hbox (badness 10000) in paragraph at lines 726--726
\T1/lmr/m/n/12 tran-sit
 []


Underfull \hbox (badness 10000) in paragraph at lines 726--726
\T1/lmr/m/n/12 (bus-like
 []


Underfull \hbox (badness 10000) in paragraph at lines 726--726
[]\T1/lmr/m/n/12 Grouped
 []


Underfull \hbox (badness 10000) in paragraph at lines 726--726
\T1/lmr/m/n/12 or shared
 []


Underfull \hbox (badness 10000) in paragraph at lines 726--726
\T1/lmr/m/n/12 ride
 []


Underfull \hbox (badness 10000) in paragraph at lines 726--726
\T1/lmr/m/n/12 match-
 []


Underfull \hbox (badness 10000) in paragraph at lines 726--726
[]\T1/lmr/m/n/12 Algorithm-
 []


Underfull \hbox (badness 3657) in paragraph at lines 726--726
\T1/lmr/m/n/12 optimized or
 []


Underfull \hbox (badness 10000) in paragraph at lines 726--726
[]\T1/lmr/m/n/12 Limited
 []


Underfull \hbox (badness 10000) in paragraph at lines 726--726
\T1/lmr/m/n/12 group-ing,
 []


Underfull \hbox (badness 10000) in paragraph at lines 726--726
\T1/lmr/m/n/12 not seat-
 []


Underfull \hbox (badness 10000) in paragraph at lines 726--726
\T1/lmr/m/n/12 by-seat
 []


Underfull \hbox (badness 10000) in paragraph at lines 726--726
[]\T1/lmr/m/n/12 System-level
 []


Underfull \hbox (badness 10000) in paragraph at lines 726--726
\T1/lmr/m/n/12 fleet op-ti-
 []


Underfull \hbox (badness 10000) in paragraph at lines 726--726
[]\T1/lmr/m/n/12 Variable
 []


Underfull \hbox (badness 1067) in paragraph at lines 726--726
[]\T1/lmr/m/n/12 Not core
 []


Underfull \hbox (badness 10000) in paragraph at lines 726--726
\T1/lmr/m/n/12 func-tion-
 []


Underfull \hbox (badness 10000) in paragraph at lines 726--726
[]\T1/lmr/m/n/12 Point-
 []


Underfull \hbox (badness 10000) in paragraph at lines 726--726
\T1/lmr/m/n/12 to-point
 []


Underfull \hbox (badness 10000) in paragraph at lines 726--726
\T1/lmr/m/n/12 rides or
 []


Underfull \hbox (badness 10000) in paragraph at lines 726--726
\T1/lmr/m/n/12 nav-i-ga-tion
 []


Underfull \hbox (badness 10000) in paragraph at lines 726--726
\T1/lmr/m/n/12 or trip
 []


Underfull \hbox (badness 10000) in paragraph at lines 726--726
\T1/lmr/m/n/12 plan-ning
 []


Underfull \hbox (badness 10000) in paragraph at lines 726--726
[]\T1/lmr/m/n/12 Dynamic or
 []


Underfull \hbox (badness 10000) in paragraph at lines 726--726
[]\T1/lmr/m/n/12 Not ex-
 []


Underfull \hbox (badness 10000) in paragraph at lines 726--726
\T1/lmr/m/n/12 posed to
 []


Underfull \hbox (badness 10000) in paragraph at lines 726--726
[]\T1/lmr/m/n/12 Driver-
 []


Underfull \hbox (badness 10000) in paragraph at lines 726--726
\T1/lmr/m/n/12 passenger
 []


Underfull \hbox (badness 10000) in paragraph at lines 726--726
\T1/lmr/m/n/12 match-ing
 []


Underfull \hbox (badness 10000) in paragraph at lines 726--726
\T1/lmr/m/n/12 or route
 []


Underfull \hbox (badness 10000) in paragraph at lines 726--726
[]\T1/lmr/m/n/12 Dynamic
 []


Underfull \hbox (badness 10000) in paragraph at lines 726--726
\T1/lmr/m/n/12 or
 []


Underfull \hbox (badness 10000) in paragraph at lines 726--726
\T1/lmr/m/n/12 distance-
 []


Underfull \hbox (badness 10000) in paragraph at lines 726--726
[]\T1/lmr/m/n/12 Separate
 []


Underfull \hbox (badness 10000) in paragraph at lines 726--726
\T1/lmr/m/n/12 or lim-
 []


Overfull \hbox (1.82832pt too wide) in paragraph at lines 726--726
[]\T1/lmr/bx/n/12 Feature 
 []


Overfull \hbox (1.64897pt too wide) in paragraph at lines 726--726
[]\T1/lmr/bx/n/12 Transport
 []


Underfull \hbox (badness 10000) in paragraph at lines 726--726
[]\T1/lmr/bx/n/12 Booking
 []


Underfull \hbox (badness 10000) in paragraph at lines 726--726
[]\T1/lmr/bx/n/12 Route
 []


Underfull \hbox (badness 10000) in paragraph at lines 726--726
[]\T1/lmr/bx/n/12 Seat
 []


Underfull \hbox (badness 10000) in paragraph at lines 726--726
\T1/lmr/bx/n/12 man-age-
 []


Underfull \hbox (badness 10000) in paragraph at lines 726--726
[]\T1/lmr/bx/n/12 Operational
 []


Underfull \hbox (badness 10000) in paragraph at lines 726--726
\T1/lmr/bx/n/12 co-or-di-na-
 []


Underfull \hbox (badness 10000) in paragraph at lines 726--726
[]\T1/lmr/bx/n/12 Pricing
 []


Underfull \hbox (badness 10000) in paragraph at lines 726--726
[]\T1/lmr/bx/n/12 Courier
 []


Underfull \hbox (badness 10000) in paragraph at lines 726--726
\T1/lmr/bx/n/12 in-te-gra-
 []


Package fancyhdr Warning: \headheight is too small (12.0pt): 
(fancyhdr)                Make it at least 14.49998pt, for example:
(fancyhdr)                \setlength{\headheight}{14.49998pt}.
(fancyhdr)                You might also make \topmargin smaller:
(fancyhdr)                \addtolength{\topmargin}{-2.49998pt}.

[14]
Underfull \hbox (badness 10000) in paragraph at lines 726--726
[]\T1/lmr/m/n/12 Fixed-
 []


Underfull \hbox (badness 10000) in paragraph at lines 726--726
\T1/lmr/m/n/12 route
 []


Underfull \hbox (badness 10000) in paragraph at lines 726--726
\T1/lmr/m/n/12 pri-vate
 []


Overfull \hbox (6.73666pt too wide) in paragraph at lines 726--726
[]\T1/lmr/m/n/12 Independent
 []


Underfull \hbox (badness 10000) in paragraph at lines 726--726
[]\T1/lmr/m/n/12 Fixed in-ter-
 []


Underfull \hbox (badness 10000) in paragraph at lines 726--726
\T1/lmr/m/n/12 city routes
 []


Underfull \hbox (badness 10000) in paragraph at lines 726--726
\T1/lmr/m/n/12 (e.g., Kam-
 []


Underfull \hbox (badness 10000) in paragraph at lines 726--726
[]\T1/lmr/m/n/12 Real-time
 []


Underfull \hbox (badness 10000) in paragraph at lines 726--726
\T1/lmr/m/n/12 seat al-lo-
 []


Underfull \hbox (badness 10000) in paragraph at lines 726--726
[]\T1/lmr/m/n/12 Operator-
 []


Underfull \hbox (badness 10000) in paragraph at lines 726--726
\T1/lmr/m/n/12 level shut-tle
 []


Underfull \hbox (badness 10000) in paragraph at lines 726--726
[]\T1/lmr/m/n/12 Fixed
 []


Underfull \hbox (badness 10000) in paragraph at lines 726--726
\T1/lmr/m/n/12 fare per
 []


Underfull \hbox (badness 6978) in paragraph at lines 726--726
\T1/lmr/m/n/12 seat and
 []


Underfull \hbox (badness 10000) in paragraph at lines 726--726
\T1/lmr/m/n/12 courier
 []


Underfull \hbox (badness 1466) in paragraph at lines 726--726
[]\T1/lmr/m/n/12 Fully in-
 []


Underfull \hbox (badness 10000) in paragraph at lines 726--726
\T1/lmr/m/n/12 te-grated
 []


Underfull \hbox (badness 10000) in paragraph at lines 726--726
\T1/lmr/m/n/12 pas-sen-
 []


Underfull \hbox (badness 10000) in paragraph at lines 726--726
\T1/lmr/m/n/12 ger and
 []


Underfull \hbox (badness 10000) in paragraph at lines 726--726
\T1/lmr/m/n/12 par-cel
 []


Underfull \hbox (badness 10000) in paragraph at lines 726--726
[]\T1/lmr/m/n/12 Point-
 []


Underfull \hbox (badness 10000) in paragraph at lines 726--726
\T1/lmr/m/n/12 to-point
 []


Underfull \hbox (badness 10000) in paragraph at lines 726--726
\T1/lmr/m/n/12 rides or
 []


Underfull \hbox (badness 10000) in paragraph at lines 726--726
\T1/lmr/m/n/12 nav-i-ga-tion
 []


Underfull \hbox (badness 10000) in paragraph at lines 726--726
\T1/lmr/m/n/12 or trip
 []


Underfull \hbox (badness 10000) in paragraph at lines 726--726
\T1/lmr/m/n/12 plan-ning
 []


Underfull \hbox (badness 10000) in paragraph at lines 726--726
[]\T1/lmr/m/n/12 Dynamic or
 []


Underfull \hbox (badness 10000) in paragraph at lines 726--726
[]\T1/lmr/m/n/12 Not ex-
 []


Underfull \hbox (badness 10000) in paragraph at lines 726--726
\T1/lmr/m/n/12 posed to
 []


Underfull \hbox (badness 10000) in paragraph at lines 726--726
[]\T1/lmr/m/n/12 Driver-
 []


Underfull \hbox (badness 10000) in paragraph at lines 726--726
\T1/lmr/m/n/12 passenger
 []


Underfull \hbox (badness 10000) in paragraph at lines 726--726
\T1/lmr/m/n/12 match-ing
 []


Underfull \hbox (badness 10000) in paragraph at lines 726--726
\T1/lmr/m/n/12 or route
 []


Underfull \hbox (badness 10000) in paragraph at lines 726--726
[]\T1/lmr/m/n/12 Dynamic
 []


Underfull \hbox (badness 10000) in paragraph at lines 726--726
\T1/lmr/m/n/12 or
 []


Underfull \hbox (badness 10000) in paragraph at lines 726--726
\T1/lmr/m/n/12 distance-
 []


Underfull \hbox (badness 10000) in paragraph at lines 726--726
[]\T1/lmr/m/n/12 Separate
 []


Underfull \hbox (badness 10000) in paragraph at lines 726--726
\T1/lmr/m/n/12 or lim-
 []


Overfull \hbox (3.99478pt too wide) in paragraph at lines 726--726
[]\T1/lmr/m/n/12 Safeboda 
 []


Underfull \hbox (badness 10000) in paragraph at lines 726--726
[]\T1/lmr/m/n/12 Point-
 []


Underfull \hbox (badness 10000) in paragraph at lines 726--726
\T1/lmr/m/n/12 to-point
 []


Underfull \hbox (badness 10000) in paragraph at lines 726--726
\T1/lmr/m/n/12 rides or
 []


Underfull \hbox (badness 10000) in paragraph at lines 726--726
\T1/lmr/m/n/12 nav-i-ga-tion
 []


Underfull \hbox (badness 10000) in paragraph at lines 726--726
\T1/lmr/m/n/12 or trip
 []


Underfull \hbox (badness 10000) in paragraph at lines 726--726
\T1/lmr/m/n/12 plan-ning
 []


Underfull \hbox (badness 10000) in paragraph at lines 726--726
[]\T1/lmr/m/n/12 Dynamic or
 []


Underfull \hbox (badness 10000) in paragraph at lines 726--726
[]\T1/lmr/m/n/12 Not ex-
 []


Underfull \hbox (badness 10000) in paragraph at lines 726--726
\T1/lmr/m/n/12 posed to
 []


Underfull \hbox (badness 10000) in paragraph at lines 726--726
[]\T1/lmr/m/n/12 Driver-
 []


Underfull \hbox (badness 10000) in paragraph at lines 726--726
\T1/lmr/m/n/12 passenger
 []


Underfull \hbox (badness 10000) in paragraph at lines 726--726
\T1/lmr/m/n/12 match-ing
 []


Underfull \hbox (badness 10000) in paragraph at lines 726--726
\T1/lmr/m/n/12 or route
 []


Underfull \hbox (badness 10000) in paragraph at lines 726--726
[]\T1/lmr/m/n/12 Dynamic
 []


Underfull \hbox (badness 10000) in paragraph at lines 726--726
\T1/lmr/m/n/12 or
 []


Underfull \hbox (badness 10000) in paragraph at lines 726--726
\T1/lmr/m/n/12 distance-
 []


Underfull \hbox (badness 10000) in paragraph at lines 726--726
[]\T1/lmr/m/n/12 Separate
 []


Underfull \hbox (badness 10000) in paragraph at lines 726--726
\T1/lmr/m/n/12 or lim-
 []


Underfull \hbox (badness 10000) in paragraph at lines 726--726
[]\T1/lmr/m/n/12 Taxify
 []


Underfull \hbox (badness 10000) in paragraph at lines 726--726
[]\T1/lmr/m/n/12 Point-
 []


Underfull \hbox (badness 10000) in paragraph at lines 726--726
\T1/lmr/m/n/12 to-point
 []


Underfull \hbox (badness 10000) in paragraph at lines 726--726
\T1/lmr/m/n/12 rides or
 []


Underfull \hbox (badness 10000) in paragraph at lines 726--726
\T1/lmr/m/n/12 nav-i-ga-tion
 []


Underfull \hbox (badness 10000) in paragraph at lines 726--726
\T1/lmr/m/n/12 or trip
 []


Underfull \hbox (badness 10000) in paragraph at lines 726--726
\T1/lmr/m/n/12 plan-ning
 []


Underfull \hbox (badness 10000) in paragraph at lines 726--726
[]\T1/lmr/m/n/12 Dynamic or
 []


Underfull \hbox (badness 10000) in paragraph at lines 726--726
[]\T1/lmr/m/n/12 Not ex-
 []


Underfull \hbox (badness 10000) in paragraph at lines 726--726
\T1/lmr/m/n/12 posed to
 []


Underfull \hbox (badness 10000) in paragraph at lines 726--726
[]\T1/lmr/m/n/12 Driver-
 []


Underfull \hbox (badness 10000) in paragraph at lines 726--726
\T1/lmr/m/n/12 passenger
 []


Underfull \hbox (badness 10000) in paragraph at lines 726--726
\T1/lmr/m/n/12 match-ing
 []


Underfull \hbox (badness 10000) in paragraph at lines 726--726
\T1/lmr/m/n/12 or route
 []


Underfull \hbox (badness 10000) in paragraph at lines 726--726
[]\T1/lmr/m/n/12 Dynamic
 []


Underfull \hbox (badness 10000) in paragraph at lines 726--726
\T1/lmr/m/n/12 or
 []


Underfull \hbox (badness 10000) in paragraph at lines 726--726
\T1/lmr/m/n/12 distance-
 []


Underfull \hbox (badness 10000) in paragraph at lines 726--726
[]\T1/lmr/m/n/12 Separate
 []


Underfull \hbox (badness 10000) in paragraph at lines 726--726
\T1/lmr/m/n/12 or lim-
 []


Underfull \hbox (badness 10000) in paragraph at lines 726--726
[]\T1/lmr/m/n/12 Point-
 []


Underfull \hbox (badness 10000) in paragraph at lines 726--726
\T1/lmr/m/n/12 to-point
 []


Underfull \hbox (badness 10000) in paragraph at lines 726--726
\T1/lmr/m/n/12 rides or
 []


Underfull \hbox (badness 10000) in paragraph at lines 726--726
\T1/lmr/m/n/12 nav-i-ga-tion
 []


Underfull \hbox (badness 10000) in paragraph at lines 726--726
\T1/lmr/m/n/12 or trip
 []


Underfull \hbox (badness 10000) in paragraph at lines 726--726
\T1/lmr/m/n/12 plan-ning
 []


Underfull \hbox (badness 10000) in paragraph at lines 726--726
[]\T1/lmr/m/n/12 Dynamic or
 []


Underfull \hbox (badness 10000) in paragraph at lines 726--726
[]\T1/lmr/m/n/12 Not ex-
 []


Underfull \hbox (badness 10000) in paragraph at lines 726--726
\T1/lmr/m/n/12 posed to
 []


Underfull \hbox (badness 10000) in paragraph at lines 726--726
[]\T1/lmr/m/n/12 Driver- pas-
 []


Underfull \hbox (badness 1881) in paragraph at lines 726--726
\T1/lmr/m/n/12 ing or route
 []


Underfull \hbox (badness 10000) in paragraph at lines 726--726
[]\T1/lmr/m/n/12 Dynamic
 []


Underfull \hbox (badness 10000) in paragraph at lines 726--726
\T1/lmr/m/n/12 or
 []


Underfull \hbox (badness 10000) in paragraph at lines 726--726
\T1/lmr/m/n/12 distance-
 []


Underfull \hbox (badness 10000) in paragraph at lines 726--726
[]\T1/lmr/m/n/12 Separate
 []


Underfull \hbox (badness 10000) in paragraph at lines 726--726
\T1/lmr/m/n/12 or lim-
 []


Underfull \hbox (badness 10000) in paragraph at lines 726--726
[]\T1/lmr/m/n/12 Point-
 []


Underfull \hbox (badness 10000) in paragraph at lines 726--726
\T1/lmr/m/n/12 to-point
 []


Underfull \hbox (badness 10000) in paragraph at lines 726--726
\T1/lmr/m/n/12 rides or
 []


Underfull \hbox (badness 10000) in paragraph at lines 726--726
\T1/lmr/m/n/12 nav-i-ga-tion
 []


Underfull \hbox (badness 10000) in paragraph at lines 726--726
\T1/lmr/m/n/12 or trip
 []


Underfull \hbox (badness 10000) in paragraph at lines 726--726
\T1/lmr/m/n/12 plan-ning
 []


Underfull \hbox (badness 10000) in paragraph at lines 726--726
[]\T1/lmr/m/n/12 Dynamic or
 []


Underfull \hbox (badness 10000) in paragraph at lines 726--726
[]\T1/lmr/m/n/12 Not ex-
 []


Underfull \hbox (badness 10000) in paragraph at lines 726--726
\T1/lmr/m/n/12 posed to
 []


Underfull \hbox (badness 10000) in paragraph at lines 726--726
[]\T1/lmr/m/n/12 Driver-
 []


Underfull \hbox (badness 10000) in paragraph at lines 726--726
\T1/lmr/m/n/12 passenger
 []


Underfull \hbox (badness 10000) in paragraph at lines 726--726
\T1/lmr/m/n/12 match-ing
 []


Underfull \hbox (badness 10000) in paragraph at lines 726--726
\T1/lmr/m/n/12 or route
 []


Underfull \hbox (badness 10000) in paragraph at lines 726--726
[]\T1/lmr/m/n/12 Dynamic
 []


Underfull \hbox (badness 10000) in paragraph at lines 726--726
\T1/lmr/m/n/12 or
 []


Underfull \hbox (badness 10000) in paragraph at lines 726--726
\T1/lmr/m/n/12 distance-
 []


Underfull \hbox (badness 10000) in paragraph at lines 726--726
[]\T1/lmr/m/n/12 Separate
 []


Underfull \hbox (badness 10000) in paragraph at lines 726--726
\T1/lmr/m/n/12 or lim-
 []


Underfull \hbox (badness 10000) in paragraph at lines 726--726
[]\T1/lmr/m/n/12 Transit
 []


Underfull \hbox (badness 10000) in paragraph at lines 726--726
[]\T1/lmr/m/n/12 Point-
 []


Underfull \hbox (badness 10000) in paragraph at lines 726--726
\T1/lmr/m/n/12 to-point
 []


Underfull \hbox (badness 10000) in paragraph at lines 726--726
\T1/lmr/m/n/12 rides or
 []


Underfull \hbox (badness 10000) in paragraph at lines 726--726
\T1/lmr/m/n/12 nav-i-ga-tion
 []


Underfull \hbox (badness 10000) in paragraph at lines 726--726
\T1/lmr/m/n/12 or trip
 []


Underfull \hbox (badness 10000) in paragraph at lines 726--726
\T1/lmr/m/n/12 plan-ning
 []


Underfull \hbox (badness 10000) in paragraph at lines 726--726
[]\T1/lmr/m/n/12 Dynamic or
 []


Underfull \hbox (badness 10000) in paragraph at lines 726--726
[]\T1/lmr/m/n/12 Not ex-
 []


Underfull \hbox (badness 10000) in paragraph at lines 726--726
\T1/lmr/m/n/12 posed to
 []


Underfull \hbox (badness 10000) in paragraph at lines 726--726
[]\T1/lmr/m/n/12 Driver-
 []


Underfull \hbox (badness 10000) in paragraph at lines 726--726
\T1/lmr/m/n/12 passenger
 []


Underfull \hbox (badness 10000) in paragraph at lines 726--726
\T1/lmr/m/n/12 match-ing
 []


Underfull \hbox (badness 10000) in paragraph at lines 726--726
\T1/lmr/m/n/12 or route
 []


Underfull \hbox (badness 10000) in paragraph at lines 726--726
[]\T1/lmr/m/n/12 Dynamic
 []


Underfull \hbox (badness 10000) in paragraph at lines 726--726
\T1/lmr/m/n/12 or
 []


Underfull \hbox (badness 10000) in paragraph at lines 726--726
\T1/lmr/m/n/12 distance-
 []


Underfull \hbox (badness 10000) in paragraph at lines 726--726
[]\T1/lmr/m/n/12 Separate
 []


Underfull \hbox (badness 10000) in paragraph at lines 726--726
\T1/lmr/m/n/12 or lim-
 []


Overfull \hbox (28.18346pt too wide) detected at line 726
 [] 
 []


Package fancyhdr Warning: \headheight is too small (12.0pt): 
(fancyhdr)                Make it at least 14.49998pt, for example:
(fancyhdr)                \setlength{\headheight}{14.49998pt}.
(fancyhdr)                You might also make \topmargin smaller:
(fancyhdr)                \addtolength{\topmargin}{-2.49998pt}.

[15]
Underfull \hbox (badness 10000) in paragraph at lines 726--726
[]\T1/lmr/m/n/12 Shared
 []


Underfull \hbox (badness 10000) in paragraph at lines 726--726
\T1/lmr/m/n/12 mass
 []


Underfull \hbox (badness 10000) in paragraph at lines 726--726
\T1/lmr/m/n/12 tran-sit
 []


Underfull \hbox (badness 10000) in paragraph at lines 726--726
\T1/lmr/m/n/12 (bus-like
 []


Underfull \hbox (badness 10000) in paragraph at lines 726--726
[]\T1/lmr/m/n/12 Grouped
 []


Underfull \hbox (badness 10000) in paragraph at lines 726--726
\T1/lmr/m/n/12 or shared
 []


Underfull \hbox (badness 10000) in paragraph at lines 726--726
\T1/lmr/m/n/12 ride
 []


Underfull \hbox (badness 10000) in paragraph at lines 726--726
\T1/lmr/m/n/12 match-
 []


Underfull \hbox (badness 10000) in paragraph at lines 726--726
[]\T1/lmr/m/n/12 Algorithm-
 []


Underfull \hbox (badness 3657) in paragraph at lines 726--726
\T1/lmr/m/n/12 optimized or
 []


Underfull \hbox (badness 10000) in paragraph at lines 726--726
[]\T1/lmr/m/n/12 Limited
 []


Underfull \hbox (badness 10000) in paragraph at lines 726--726
\T1/lmr/m/n/12 group-ing,
 []


Underfull \hbox (badness 10000) in paragraph at lines 726--726
\T1/lmr/m/n/12 not seat-
 []


Underfull \hbox (badness 10000) in paragraph at lines 726--726
\T1/lmr/m/n/12 by-seat
 []


Underfull \hbox (badness 10000) in paragraph at lines 726--726
[]\T1/lmr/m/n/12 System-level
 []


Underfull \hbox (badness 10000) in paragraph at lines 726--726
\T1/lmr/m/n/12 fleet op-ti-
 []


Underfull \hbox (badness 10000) in paragraph at lines 726--726
[]\T1/lmr/m/n/12 Variable
 []


Underfull \hbox (badness 1067) in paragraph at lines 726--726
[]\T1/lmr/m/n/12 Not core
 []


Underfull \hbox (badness 10000) in paragraph at lines 726--726
\T1/lmr/m/n/12 func-tion-
 []


Underfull \hbox (badness 10000) in paragraph at lines 726--726
[]\T1/lmr/m/n/12 Shared
 []


Underfull \hbox (badness 10000) in paragraph at lines 726--726
\T1/lmr/m/n/12 mass
 []


Underfull \hbox (badness 10000) in paragraph at lines 726--726
\T1/lmr/m/n/12 tran-sit
 []


Underfull \hbox (badness 10000) in paragraph at lines 726--726
\T1/lmr/m/n/12 (bus-like
 []


Underfull \hbox (badness 10000) in paragraph at lines 726--726
[]\T1/lmr/m/n/12 Grouped
 []


Underfull \hbox (badness 10000) in paragraph at lines 726--726
\T1/lmr/m/n/12 or shared
 []


Underfull \hbox (badness 10000) in paragraph at lines 726--726
\T1/lmr/m/n/12 ride
 []


Underfull \hbox (badness 10000) in paragraph at lines 726--726
\T1/lmr/m/n/12 match-
 []


Underfull \hbox (badness 10000) in paragraph at lines 726--726
[]\T1/lmr/m/n/12 Algorithm-
 []


Underfull \hbox (badness 3657) in paragraph at lines 726--726
\T1/lmr/m/n/12 optimized or
 []


Underfull \hbox (badness 10000) in paragraph at lines 726--726
[]\T1/lmr/m/n/12 Limited
 []


Underfull \hbox (badness 10000) in paragraph at lines 726--726
\T1/lmr/m/n/12 group-ing,
 []


Underfull \hbox (badness 10000) in paragraph at lines 726--726
\T1/lmr/m/n/12 not seat-
 []


Underfull \hbox (badness 10000) in paragraph at lines 726--726
\T1/lmr/m/n/12 by-seat
 []


Underfull \hbox (badness 10000) in paragraph at lines 726--726
[]\T1/lmr/m/n/12 System-level
 []


Underfull \hbox (badness 10000) in paragraph at lines 726--726
\T1/lmr/m/n/12 fleet op-ti-
 []


Underfull \hbox (badness 10000) in paragraph at lines 726--726
[]\T1/lmr/m/n/12 Variable
 []


Underfull \hbox (badness 1067) in paragraph at lines 726--726
[]\T1/lmr/m/n/12 Not core
 []


Underfull \hbox (badness 10000) in paragraph at lines 726--726
\T1/lmr/m/n/12 func-tion-
 []


Underfull \hbox (badness 10000) in paragraph at lines 726--726
[]\T1/lmr/m/n/12 Point-
 []


Underfull \hbox (badness 10000) in paragraph at lines 726--726
\T1/lmr/m/n/12 to-point
 []


Underfull \hbox (badness 10000) in paragraph at lines 726--726
\T1/lmr/m/n/12 rides or
 []


Underfull \hbox (badness 10000) in paragraph at lines 726--726
\T1/lmr/m/n/12 nav-i-ga-tion
 []


Underfull \hbox (badness 10000) in paragraph at lines 726--726
\T1/lmr/m/n/12 or trip
 []


Underfull \hbox (badness 10000) in paragraph at lines 726--726
\T1/lmr/m/n/12 plan-ning
 []


Underfull \hbox (badness 10000) in paragraph at lines 726--726
[]\T1/lmr/m/n/12 Dynamic or
 []


Underfull \hbox (badness 10000) in paragraph at lines 726--726
[]\T1/lmr/m/n/12 Not ex-
 []


Underfull \hbox (badness 10000) in paragraph at lines 726--726
\T1/lmr/m/n/12 posed to
 []


Underfull \hbox (badness 10000) in paragraph at lines 726--726
[]\T1/lmr/m/n/12 Driver-
 []


Underfull \hbox (badness 10000) in paragraph at lines 726--726
\T1/lmr/m/n/12 passenger
 []


Underfull \hbox (badness 10000) in paragraph at lines 726--726
\T1/lmr/m/n/12 match-ing
 []


Underfull \hbox (badness 10000) in paragraph at lines 726--726
\T1/lmr/m/n/12 or route
 []


Underfull \hbox (badness 10000) in paragraph at lines 726--726
[]\T1/lmr/m/n/12 Dynamic
 []


Underfull \hbox (badness 10000) in paragraph at lines 726--726
\T1/lmr/m/n/12 or
 []


Underfull \hbox (badness 10000) in paragraph at lines 726--726
\T1/lmr/m/n/12 distance-
 []


Underfull \hbox (badness 10000) in paragraph at lines 726--726
[]\T1/lmr/m/n/12 Separate
 []


Underfull \hbox (badness 10000) in paragraph at lines 726--726
\T1/lmr/m/n/12 or lim-
 []


Overfull \hbox (28.18346pt too wide) detected at line 726
 [] 
 []

) (./chapters/methodology.tex

Package fancyhdr Warning: \headheight is too small (12.0pt): 
(fancyhdr)                Make it at least 14.49998pt, for example:
(fancyhdr)                \setlength{\headheight}{14.49998pt}.
(fancyhdr)                You might also make \topmargin smaller:
(fancyhdr)                \addtolength{\topmargin}{-2.49998pt}.

[16]
Chapter 3.
[17

]

Package fancyhdr Warning: \headheight is too small (12.0pt): 
(fancyhdr)                Make it at least 14.49998pt, for example:
(fancyhdr)                \setlength{\headheight}{14.49998pt}.
(fancyhdr)                You might also make \topmargin smaller:
(fancyhdr)                \addtolength{\topmargin}{-2.49998pt}.

[18]

Package fancyhdr Warning: \headheight is too small (12.0pt): 
(fancyhdr)                Make it at least 14.49998pt, for example:
(fancyhdr)                \setlength{\headheight}{14.49998pt}.
(fancyhdr)                You might also make \topmargin smaller:
(fancyhdr)                \addtolength{\topmargin}{-2.49998pt}.

[19]

Package fancyhdr Warning: \headheight is too small (12.0pt): 
(fancyhdr)                Make it at least 14.49998pt, for example:
(fancyhdr)                \setlength{\headheight}{14.49998pt}.
(fancyhdr)                You might also make \topmargin smaller:
(fancyhdr)                \addtolength{\topmargin}{-2.49998pt}.

[20]
Overfull \hbox (4.94406pt too wide) in paragraph at lines 246--250
\T1/lmr/m/n/12 The tech-nol-ogy stack had been care-fully cho-sen to pri-or-i-t
ize rapid de-vel-op-ment, cost-efficiency,
 []


Package fancyhdr Warning: \headheight is too small (12.0pt): 
(fancyhdr)                Make it at least 14.49998pt, for example:
(fancyhdr)                \setlength{\headheight}{14.49998pt}.
(fancyhdr)                You might also make \topmargin smaller:
(fancyhdr)                \addtolength{\topmargin}{-2.49998pt}.

[21]

Package fancyhdr Warning: \headheight is too small (12.0pt): 
(fancyhdr)                Make it at least 14.49998pt, for example:
(fancyhdr)                \setlength{\headheight}{14.49998pt}.
(fancyhdr)                You might also make \topmargin smaller:
(fancyhdr)                \addtolength{\topmargin}{-2.49998pt}.

[22]

Package fancyhdr Warning: \headheight is too small (12.0pt): 
(fancyhdr)                Make it at least 14.49998pt, for example:
(fancyhdr)                \setlength{\headheight}{14.49998pt}.
(fancyhdr)                You might also make \topmargin smaller:
(fancyhdr)                \addtolength{\topmargin}{-2.49998pt}.

[23]

Package fancyhdr Warning: \headheight is too small (12.0pt): 
(fancyhdr)                Make it at least 14.49998pt, for example:
(fancyhdr)                \setlength{\headheight}{14.49998pt}.
(fancyhdr)                You might also make \topmargin smaller:
(fancyhdr)                \addtolength{\topmargin}{-2.49998pt}.

[24]
Overfull \hbox (6.53448pt too wide) in paragraph at lines 473--476
[]\T1/lmr/m/n/12 Database setup with \T1/lmr/bx/n/12 Post-greSQL \T1/lmr/m/n/12
 and the \T1/lmr/bx/n/12 Post-GIS \T1/lmr/m/n/12 ex-ten-sion, sup-port-ing geos
pa-
 []


Package fancyhdr Warning: \headheight is too small (12.0pt): 
(fancyhdr)                Make it at least 14.49998pt, for example:
(fancyhdr)                \setlength{\headheight}{14.49998pt}.
(fancyhdr)                You might also make \topmargin smaller:
(fancyhdr)                \addtolength{\topmargin}{-2.49998pt}.

[25]
<images/gantt_3.png, id=753, 1067.187pt x 418.6842pt>
File: images/gantt_3.png Graphic file (type png)
<use images/gantt_3.png>
Package pdftex.def Info: images/gantt_3.png  used on input line 538.
(pdftex.def)             Requested size: 493.2442pt x 193.51703pt.

Overfull \hbox (23.48918pt too wide) in paragraph at lines 538--539
 [][] 
 []

LaTeX Font Info:    Trying to load font information for T1+lmtt on input line 5
48.
(/usr/local/texlive/2026/texmf-dist/tex/latex/lm/t1lmtt.fd
File: t1lmtt.fd 2015/05/01 v1.6.1 Font defs for Latin Modern
)

Package fancyhdr Warning: \headheight is too small (12.0pt): 
(fancyhdr)                Make it at least 14.49998pt, for example:
(fancyhdr)                \setlength{\headheight}{14.49998pt}.
(fancyhdr)                You might also make \topmargin smaller:
(fancyhdr)                \addtolength{\topmargin}{-2.49998pt}.

[26 <./images/gantt_3.png>]) (./chapters/System Analysis and Design.tex

Package fancyhdr Warning: \headheight is too small (12.0pt): 
(fancyhdr)                Make it at least 14.49998pt, for example:
(fancyhdr)                \setlength{\headheight}{14.49998pt}.
(fancyhdr)                You might also make \topmargin smaller:
(fancyhdr)                \addtolength{\topmargin}{-2.49998pt}.

[27]
Chapter 4.
[28

]

Package fancyhdr Warning: \headheight is too small (12.0pt): 
(fancyhdr)                Make it at least 14.49998pt, for example:
(fancyhdr)                \setlength{\headheight}{14.49998pt}.
(fancyhdr)                You might also make \topmargin smaller:
(fancyhdr)                \addtolength{\topmargin}{-2.49998pt}.

[29]

Package fancyhdr Warning: \headheight is too small (12.0pt): 
(fancyhdr)                Make it at least 14.49998pt, for example:
(fancyhdr)                \setlength{\headheight}{14.49998pt}.
(fancyhdr)                You might also make \topmargin smaller:
(fancyhdr)                \addtolength{\topmargin}{-2.49998pt}.

[30]

Package fancyhdr Warning: \headheight is too small (12.0pt): 
(fancyhdr)                Make it at least 14.49998pt, for example:
(fancyhdr)                \setlength{\headheight}{14.49998pt}.
(fancyhdr)                You might also make \topmargin smaller:
(fancyhdr)                \addtolength{\topmargin}{-2.49998pt}.

[31]
<images/methodology_3.png, id=812, 398.9304pt x 552.3837pt>
File: images/methodology_3.png Graphic file (type png)
<use images/methodology_3.png>
Package pdftex.def Info: images/methodology_3.png  used on input line 262.
(pdftex.def)             Requested size: 281.85587pt x 390.29028pt.


LaTeX Warning: `!h' float specifier changed to `!ht'.


Package fancyhdr Warning: \headheight is too small (12.0pt): 
(fancyhdr)                Make it at least 14.49998pt, for example:
(fancyhdr)                \setlength{\headheight}{14.49998pt}.
(fancyhdr)                You might also make \topmargin smaller:
(fancyhdr)                \addtolength{\topmargin}{-2.49998pt}.

[32]

Package fancyhdr Warning: \headheight is too small (12.0pt): 
(fancyhdr)                Make it at least 14.49998pt, for example:
(fancyhdr)                \setlength{\headheight}{14.49998pt}.
(fancyhdr)                You might also make \topmargin smaller:
(fancyhdr)                \addtolength{\topmargin}{-2.49998pt}.

[33 <./images/methodology_3.png>]
<images/FYP/userdiagram.png, id=828, 599.23875pt x 1010.77625pt>
File: images/FYP/userdiagram.png Graphic file (type png)
<use images/FYP/userdiagram.png>
Package pdftex.def Info: images/FYP/userdiagram.png  used on input line 303.
(pdftex.def)             Requested size: 305.33789pt x 515.0418pt.


Package fancyhdr Warning: \headheight is too small (12.0pt): 
(fancyhdr)                Make it at least 14.49998pt, for example:
(fancyhdr)                \setlength{\headheight}{14.49998pt}.
(fancyhdr)                You might also make \topmargin smaller:
(fancyhdr)                \addtolength{\topmargin}{-2.49998pt}.

[34]

Package fancyhdr Warning: \headheight is too small (12.0pt): 
(fancyhdr)                Make it at least 14.49998pt, for example:
(fancyhdr)                \setlength{\headheight}{14.49998pt}.
(fancyhdr)                You might also make \topmargin smaller:
(fancyhdr)                \addtolength{\topmargin}{-2.49998pt}.

[35 <./images/FYP/userdiagram.png>]
<images/context_diagram.png, id=838, 1187.43625pt x 899.36pt>
File: images/context_diagram.png Graphic file (type png)
<use images/context_diagram.png>
Package pdftex.def Info: images/context_diagram.png  used on input line 321.
(pdftex.def)             Requested size: 375.80544pt x 284.63104pt.


Package fancyhdr Warning: \headheight is too small (12.0pt): 
(fancyhdr)                Make it at least 14.49998pt, for example:
(fancyhdr)                \setlength{\headheight}{14.49998pt}.
(fancyhdr)                You might also make \topmargin smaller:
(fancyhdr)                \addtolength{\topmargin}{-2.49998pt}.

[36 <./images/context_diagram.png>]

Package fancyhdr Warning: \headheight is too small (12.0pt): 
(fancyhdr)                Make it at least 14.49998pt, for example:
(fancyhdr)                \setlength{\headheight}{14.49998pt}.
(fancyhdr)                You might also make \topmargin smaller:
(fancyhdr)                \addtolength{\topmargin}{-2.49998pt}.

[37]

Package fancyhdr Warning: \headheight is too small (12.0pt): 
(fancyhdr)                Make it at least 14.49998pt, for example:
(fancyhdr)                \setlength{\headheight}{14.49998pt}.
(fancyhdr)                You might also make \topmargin smaller:
(fancyhdr)                \addtolength{\topmargin}{-2.49998pt}.

[38]
<images/FYP/eda.png, id=852, 988.69376pt x 775.89874pt>
File: images/FYP/eda.png Graphic file (type png)
<use images/FYP/eda.png>
Package pdftex.def Info: images/FYP/eda.png  used on input line 480.
(pdftex.def)             Requested size: 446.26582pt x 350.21674pt.


Package fancyhdr Warning: \headheight is too small (12.0pt): 
(fancyhdr)                Make it at least 14.49998pt, for example:
(fancyhdr)                \setlength{\headheight}{14.49998pt}.
(fancyhdr)                You might also make \topmargin smaller:
(fancyhdr)                \addtolength{\topmargin}{-2.49998pt}.

[39]
Overfull \hbox (62.1231pt too wide) in paragraph at lines 502--508
\T1/lmr/m/n/12 fields such as \T1/lmtt/m/n/12 company_name\T1/lmr/m/n/12 , \T1/
lmtt/m/n/12 company_registration_number\T1/lmr/m/n/12 , \T1/lmtt/m/n/12 company
_address\T1/lmr/m/n/12 , \T1/lmtt/m/n/12 vehicle_count\T1/lmr/m/n/12 ,
 []


Overfull \hbox (8.02202pt too wide) in paragraph at lines 509--515
\T1/lmr/m/n/12 In-cludes fields such as \T1/lmtt/m/n/12 route_code\T1/lmr/m/n/1
2 , \T1/lmtt/m/n/12 route_name\T1/lmr/m/n/12 , \T1/lmtt/m/n/12 origin\T1/lmr/m/
n/12 , \T1/lmtt/m/n/12 destination\T1/lmr/m/n/12 , \T1/lmtt/m/n/12 via\T1/lmr/m
/n/12 , \T1/lmtt/m/n/12 base_fare\T1/lmr/m/n/12 ,
 []


Package fancyhdr Warning: \headheight is too small (12.0pt): 
(fancyhdr)                Make it at least 14.49998pt, for example:
(fancyhdr)                \setlength{\headheight}{14.49998pt}.
(fancyhdr)                You might also make \topmargin smaller:
(fancyhdr)                \addtolength{\topmargin}{-2.49998pt}.

[40 <./images/FYP/eda.png>]
Overfull \hbox (32.76045pt too wide) in paragraph at lines 524--531
\T1/lmr/m/n/12 as \T1/lmtt/m/n/12 route_name\T1/lmr/m/n/12 , \T1/lmtt/m/n/12 pi
ckup_point\T1/lmr/m/n/12 , \T1/lmtt/m/n/12 dropoff_point\T1/lmr/m/n/12 , \T1/lm
tt/m/n/12 travel_date\T1/lmr/m/n/12 , \T1/lmtt/m/n/12 seat_count\T1/lmr/m/n/12 
, \T1/lmtt/m/n/12 quoted_amount\T1/lmr/m/n/12 ,
 []


Overfull \hbox (38.16473pt too wide) in paragraph at lines 532--541
\T1/lmtt/m/n/12 tracking_number\T1/lmr/m/n/12 , \T1/lmtt/m/n/12 origin\T1/lmr/m
/n/12 , \T1/lmtt/m/n/12 destination\T1/lmr/m/n/12 , \T1/lmtt/m/n/12 recipient_n
ame\T1/lmr/m/n/12 , \T1/lmtt/m/n/12 recipient_phone\T1/lmr/m/n/12 , \T1/lmtt/m/
n/12 description\T1/lmr/m/n/12 ,
 []


Package fancyhdr Warning: \headheight is too small (12.0pt): 
(fancyhdr)                Make it at least 14.49998pt, for example:
(fancyhdr)                \setlength{\headheight}{14.49998pt}.
(fancyhdr)                You might also make \topmargin smaller:
(fancyhdr)                \addtolength{\topmargin}{-2.49998pt}.

[41{/usr/local/texlive/2026/texmf-dist/fonts/enc/dvips/lm/lm-mathsy.enc}]
Overfull \hbox (15.91241pt too wide) in paragraph at lines 621--625
[]\T1/lmr/bx/n/12 Tickets, Ride his-tory and book-ing lists: \T1/lmr/m/n/12 Scr
ol-lable list views (\T1/lmtt/m/n/12 ride_history_screen\T1/lmr/m/n/12 ,
 []


Package fancyhdr Warning: \headheight is too small (12.0pt): 
(fancyhdr)                Make it at least 14.49998pt, for example:
(fancyhdr)                \setlength{\headheight}{14.49998pt}.
(fancyhdr)                You might also make \topmargin smaller:
(fancyhdr)                \addtolength{\topmargin}{-2.49998pt}.

[42]

Package fancyhdr Warning: \headheight is too small (12.0pt): 
(fancyhdr)                Make it at least 14.49998pt, for example:
(fancyhdr)                \setlength{\headheight}{14.49998pt}.
(fancyhdr)                You might also make \topmargin smaller:
(fancyhdr)                \addtolength{\topmargin}{-2.49998pt}.

[43]
<images/level_one_context.png, id=876, 662.475pt x 724.7075pt>
File: images/level_one_context.png Graphic file (type png)
<use images/level_one_context.png>
Package pdftex.def Info: images/level_one_context.png  used on input line 697.
(pdftex.def)             Requested size: 375.80544pt x 411.10817pt.
) (./chapters/System Implementation, Testing and Validation.tex

Package fancyhdr Warning: \headheight is too small (12.0pt): 
(fancyhdr)                Make it at least 14.49998pt, for example:
(fancyhdr)                \setlength{\headheight}{14.49998pt}.
(fancyhdr)                You might also make \topmargin smaller:
(fancyhdr)                \addtolength{\topmargin}{-2.49998pt}.

[44 <./images/level_one_context.png>]
Chapter 5.
[45

]
<images/FYP/admin1.png, id=887, 1738.495pt x 1127.21124pt>
File: images/FYP/admin1.png Graphic file (type png)
<use images/FYP/admin1.png>
Package pdftex.def Info: images/FYP/admin1.png  used on input line 98.
(pdftex.def)             Requested size: 375.80544pt x 243.65288pt.
<images/FYP/admin2.png, id=888, 1738.495pt x 1127.21124pt>
File: images/FYP/admin2.png Graphic file (type png)
<use images/FYP/admin2.png>
Package pdftex.def Info: images/FYP/admin2.png  used on input line 104.
(pdftex.def)             Requested size: 375.80544pt x 243.65288pt.


Package fancyhdr Warning: \headheight is too small (12.0pt): 
(fancyhdr)                Make it at least 14.49998pt, for example:
(fancyhdr)                \setlength{\headheight}{14.49998pt}.
(fancyhdr)                You might also make \topmargin smaller:
(fancyhdr)                \addtolength{\topmargin}{-2.49998pt}.

[46]
<images/FYP/admin3.png, id=893, 1738.495pt x 1127.21124pt>
File: images/FYP/admin3.png Graphic file (type png)
<use images/FYP/admin3.png>
Package pdftex.def Info: images/FYP/admin3.png  used on input line 115.
(pdftex.def)             Requested size: 375.80544pt x 243.65288pt.
<images/FYP/admin4.png, id=894, 1738.495pt x 1127.21124pt>
File: images/FYP/admin4.png Graphic file (type png)
<use images/FYP/admin4.png>
Package pdftex.def Info: images/FYP/admin4.png  used on input line 121.
(pdftex.def)             Requested size: 375.80544pt x 243.65288pt.


Package fancyhdr Warning: \headheight is too small (12.0pt): 
(fancyhdr)                Make it at least 14.49998pt, for example:
(fancyhdr)                \setlength{\headheight}{14.49998pt}.
(fancyhdr)                You might also make \topmargin smaller:
(fancyhdr)                \addtolength{\topmargin}{-2.49998pt}.

[47 <./images/FYP/admin1.png> <./images/FYP/admin2.png>]

Package fancyhdr Warning: \headheight is too small (12.0pt): 
(fancyhdr)                Make it at least 14.49998pt, for example:
(fancyhdr)                \setlength{\headheight}{14.49998pt}.
(fancyhdr)                You might also make \topmargin smaller:
(fancyhdr)                \addtolength{\topmargin}{-2.49998pt}.

[48 <./images/FYP/admin3.png> <./images/FYP/admin4.png>]
<images/login.jpg, id=909, 1084.05pt x 2348.775pt>
File: images/login.jpg Graphic file (type jpg)
<use images/login.jpg>
Package pdftex.def Info: images/login.jpg  used on input line 145.
(pdftex.def)             Requested size: 164.41711pt x 356.20755pt.

Overfull \hbox (1.0pt too wide) in paragraph at lines 145--146
 [][] 
 []

<images/FYP/otpverification.jpeg, id=910, 542.025pt x 1204.5pt>
File: images/FYP/otpverification.jpeg Graphic file (type jpg)
<use images/FYP/otpverification.jpeg>
Package pdftex.def Info: images/FYP/otpverification.jpeg  used on input line 15
1.
(pdftex.def)             Requested size: 164.41711pt x 365.35945pt.

Overfull \hbox (1.0pt too wide) in paragraph at lines 151--152
 [][] 
 []


Package fancyhdr Warning: \headheight is too small (12.0pt): 
(fancyhdr)                Make it at least 14.49998pt, for example:
(fancyhdr)                \setlength{\headheight}{14.49998pt}.
(fancyhdr)                You might also make \topmargin smaller:
(fancyhdr)                \addtolength{\topmargin}{-2.49998pt}.

[49 <./images/login.jpg> <./images/FYP/otpverification.jpeg>]
File: images/login.jpg Graphic file (type jpg)
<use images/login.jpg>
Package pdftex.def Info: images/login.jpg  used on input line 178.
(pdftex.def)             Requested size: 164.41711pt x 356.20755pt.

Overfull \hbox (1.0pt too wide) in paragraph at lines 178--179
 [][] 
 []

<images/operator/dashbaord.jpg, id=915, 1084.05pt x 2348.775pt>
File: images/operator/dashbaord.jpg Graphic file (type jpg)
<use images/operator/dashbaord.jpg>
Package pdftex.def Info: images/operator/dashbaord.jpg  used on input line 184.

(pdftex.def)             Requested size: 164.41711pt x 356.20755pt.

Overfull \hbox (1.0pt too wide) in paragraph at lines 184--185
 [][] 
 []

<images/operator/profile.jpg, id=916, 1084.05pt x 2348.775pt>
File: images/operator/profile.jpg Graphic file (type jpg)
<use images/operator/profile.jpg>
Package pdftex.def Info: images/operator/profile.jpg  used on input line 195.
(pdftex.def)             Requested size: 164.41711pt x 356.20755pt.

Overfull \hbox (1.0pt too wide) in paragraph at lines 195--196
 [][] 
 []

<images/operator/routes.jpg, id=917, 1084.05pt x 2348.775pt>
File: images/operator/routes.jpg Graphic file (type jpg)
<use images/operator/routes.jpg>
Package pdftex.def Info: images/operator/routes.jpg  used on input line 201.
(pdftex.def)             Requested size: 164.41711pt x 356.20755pt.

Overfull \hbox (1.0pt too wide) in paragraph at lines 201--202
 [][] 
 []


Package fancyhdr Warning: \headheight is too small (12.0pt): 
(fancyhdr)                Make it at least 14.49998pt, for example:
(fancyhdr)                \setlength{\headheight}{14.49998pt}.
(fancyhdr)                You might also make \topmargin smaller:
(fancyhdr)                \addtolength{\topmargin}{-2.49998pt}.

[50 <./images/operator/dashbaord.jpg>]
<images/customer/dashboard.jpg, id=923, 1084.05pt x 2348.775pt>
File: images/customer/dashboard.jpg Graphic file (type jpg)
<use images/customer/dashboard.jpg>
Package pdftex.def Info: images/customer/dashboard.jpg  used on input line 227.

(pdftex.def)             Requested size: 164.41711pt x 356.20755pt.

Overfull \hbox (1.0pt too wide) in paragraph at lines 227--228
 [][] 
 []

<images/customer/profile.jpg, id=924, 1084.05pt x 2348.775pt>
File: images/customer/profile.jpg Graphic file (type jpg)
<use images/customer/profile.jpg>
Package pdftex.def Info: images/customer/profile.jpg  used on input line 233.
(pdftex.def)             Requested size: 164.41711pt x 356.20755pt.

Overfull \hbox (1.0pt too wide) in paragraph at lines 233--234
 [][] 
 []


Package fancyhdr Warning: \headheight is too small (12.0pt): 
(fancyhdr)                Make it at least 14.49998pt, for example:
(fancyhdr)                \setlength{\headheight}{14.49998pt}.
(fancyhdr)                You might also make \topmargin smaller:
(fancyhdr)                \addtolength{\topmargin}{-2.49998pt}.

[51 <./images/operator/profile.jpg> <./images/operator/routes.jpg>]
<images/customer/pdetails.jpg, id=929, 1084.05pt x 2348.775pt>
File: images/customer/pdetails.jpg Graphic file (type jpg)
<use images/customer/pdetails.jpg>
Package pdftex.def Info: images/customer/pdetails.jpg  used on input line 244.
(pdftex.def)             Requested size: 164.41711pt x 356.20755pt.

Overfull \hbox (1.0pt too wide) in paragraph at lines 244--245
 [][] 
 []

<images/customer/ticket.jpg, id=930, 1084.05pt x 2348.775pt>
File: images/customer/ticket.jpg Graphic file (type jpg)
<use images/customer/ticket.jpg>
Package pdftex.def Info: images/customer/ticket.jpg  used on input line 250.
(pdftex.def)             Requested size: 164.41711pt x 356.20755pt.

Overfull \hbox (1.0pt too wide) in paragraph at lines 250--251
 [][] 
 []


Package fancyhdr Warning: \headheight is too small (12.0pt): 
(fancyhdr)                Make it at least 14.49998pt, for example:
(fancyhdr)                \setlength{\headheight}{14.49998pt}.
(fancyhdr)                You might also make \topmargin smaller:
(fancyhdr)                \addtolength{\topmargin}{-2.49998pt}.

[52 <./images/customer/dashboard.jpg> <./images/customer/profile.jpg>]

Package fancyhdr Warning: \headheight is too small (12.0pt): 
(fancyhdr)                Make it at least 14.49998pt, for example:
(fancyhdr)                \setlength{\headheight}{14.49998pt}.
(fancyhdr)                You might also make \topmargin smaller:
(fancyhdr)                \addtolength{\topmargin}{-2.49998pt}.

[53 <./images/customer/pdetails.jpg> <./images/customer/ticket.jpg>])
(./chapters/Recommendations, Conclusion, and future works.tex

Package fancyhdr Warning: \headheight is too small (12.0pt): 
(fancyhdr)                Make it at least 14.49998pt, for example:
(fancyhdr)                \setlength{\headheight}{14.49998pt}.
(fancyhdr)                You might also make \topmargin smaller:
(fancyhdr)                \addtolength{\topmargin}{-2.49998pt}.

[54]
Chapter 6.
[55

]

Package fancyhdr Warning: \headheight is too small (12.0pt): 
(fancyhdr)                Make it at least 14.49998pt, for example:
(fancyhdr)                \setlength{\headheight}{14.49998pt}.
(fancyhdr)                You might also make \topmargin smaller:
(fancyhdr)                \addtolength{\topmargin}{-2.49998pt}.

[56]) (./main.bbl

Package fancyhdr Warning: \headheight is too small (12.0pt): 
(fancyhdr)                Make it at least 14.49998pt, for example:
(fancyhdr)                \setlength{\headheight}{14.49998pt}.
(fancyhdr)                You might also make \topmargin smaller:
(fancyhdr)                \addtolength{\topmargin}{-2.49998pt}.

[57]
Underfull \hbox (badness 1142) in paragraph at lines 73--77
[]\T1/lmr/m/n/12 Codeware Lim-ited. (2023) Ben-e-fits of im-ple-ment-ing on-lin
e bus
 []


Underfull \hbox (badness 2717) in paragraph at lines 73--77
\T1/lmr/m/n/12 seat book-ing sys-tem, pos and mo-bile ap-pli-ca-tion. Ac-
 []


Underfull \hbox (badness 1460) in paragraph at lines 73--77
\T1/lmr/m/n/12 cessed 2026-04-13. [On-line]. Avail-able: [][]$https : / / vocal
 . media / journal /
 []

[58

]
Overfull \hbox (12.73245pt too wide) in paragraph at lines 95--100
\T1/lmr/m/n/12 reorganizing-[]informal-[]transport-[]in-[]uganda-[]achieving-[]
a-[]multimodality-[]that-[]works-[]for-[]all/$[][] 
 []


Overfull \hbox (6.76852pt too wide) in paragraph at lines 159--163
\T1/lmr/m/n/12 tecno-[]in^^\nix-[]and-[]itel-[]the-[]secret-[]behind-[]their-[]
dominance-[]in-[]africas-[]smartphone-[]market/$[][] 
 []


Package fancyhdr Warning: \headheight is too small (12.0pt): 
(fancyhdr)                Make it at least 14.49998pt, for example:
(fancyhdr)                \setlength{\headheight}{14.49998pt}.
(fancyhdr)                You might also make \topmargin smaller:
(fancyhdr)                \addtolength{\topmargin}{-2.49998pt}.

[59]
Underfull \hbox (badness 1400) in paragraph at lines 239--243
[]\T1/lmr/m/n/12 N. J. Ka-manzi, ``3 ways to topup your safeboda wal-
 []


Package fancyhdr Warning: \headheight is too small (12.0pt): 
(fancyhdr)                Make it at least 14.49998pt, for example:
(fancyhdr)                \setlength{\headheight}{14.49998pt}.
(fancyhdr)                You might also make \topmargin smaller:
(fancyhdr)                \addtolength{\topmargin}{-2.49998pt}.

[60]
Underfull \hbox (badness 10000) in paragraph at lines 295--299
\T1/lmr/m/n/12 ~ : text = Fleet % 20telematics % 20is % 20essential % 20for % 2
0any % 20organization ,[] (OBD )
 []


Underfull \hbox (badness 1199) in paragraph at lines 321--325
\T1/lmr/m/it/12 cid-chart Blog\T1/lmr/m/n/12 . [On-line]. Avail-able: [][]$http
s : / / www . lucidchart . com / blog /
 []


Package fancyhdr Warning: \headheight is too small (12.0pt): 
(fancyhdr)                Make it at least 14.49998pt, for example:
(fancyhdr)                \setlength{\headheight}{14.49998pt}.
(fancyhdr)                You might also make \topmargin smaller:
(fancyhdr)                \addtolength{\topmargin}{-2.49998pt}.

[61]
Underfull \hbox (badness 1117) in paragraph at lines 356--360
\T1/lmr/m/it/12 Cloud-fresh Blog\T1/lmr/m/n/12 . [On-line]. Avail-able: [][]$ht
tps : / / cloudfresh . com / en / blog /
 []


Underfull \hbox (badness 10000) in paragraph at lines 408--412
\T1/lmr/m/n/12 UBER _ TRANSPORTATIONS _ ON _ THE _ INFORMAL _ PUBLIC _ TRANSPOR
T _
 []


Package fancyhdr Warning: \headheight is too small (12.0pt): 
(fancyhdr)                Make it at least 14.49998pt, for example:
(fancyhdr)                \setlength{\headheight}{14.49998pt}.
(fancyhdr)                You might also make \topmargin smaller:
(fancyhdr)                \addtolength{\topmargin}{-2.49998pt}.

[62]
Underfull \hbox (badness 1009) in paragraph at lines 473--478
[]\T1/lmr/m/n/12 D. Ka-tushabe, ``Safe-car by safeboda be-comes the most pre-
 []


Underfull \hbox (badness 2426) in paragraph at lines 473--478
\T1/lmr/m/n/12 2025. [On-line]. Avail-able: [][]$https : / / www . safeboda . c
om / safeboda-[]blog /
 []


Overfull \hbox (41.73204pt too wide) in paragraph at lines 473--478
\T1/lmr/m/n/12 safecar-[]by-[]safeboda-[]becomes-[]the-[]most-[]preferred-[]car
-[]hailing-[]service-[]for-[]safety-[]and-[]convenience$[][] 
 []


Underfull \hbox (badness 1210) in paragraph at lines 494--498
\T1/lmr/m/n/12 scoot-ers,'' 2019. [On-line]. Avail-able: [][]$https : / / qz . 
com / africa / 1568416 /
 []


Underfull \hbox (badness 10000) in paragraph at lines 494--498
\T1/lmr/m/n/12 uber-[]rival-[]taxify-[]changes-[]name-[]to-[]bolt-[]adds-[]scoo
ters ? utm _ medium = sharefromsite &
 []


Underfull \hbox (badness 10000) in paragraph at lines 500--503
\T1/lmr/m/n/12 / / pctechmag . com / 2017 / 10 / ride-[]sharing-[]service-[]tax
ify-[]o^^^cially-[]launches-[]in-[]uganda/$[][],
 []


Package fancyhdr Warning: \headheight is too small (12.0pt): 
(fancyhdr)                Make it at least 14.49998pt, for example:
(fancyhdr)                \setlength{\headheight}{14.49998pt}.
(fancyhdr)                You might also make \topmargin smaller:
(fancyhdr)                \addtolength{\topmargin}{-2.49998pt}.

[63]

Package fancyhdr Warning: \headheight is too small (12.0pt): 
(fancyhdr)                Make it at least 14.49998pt, for example:
(fancyhdr)                \setlength{\headheight}{14.49998pt}.
(fancyhdr)                You might also make \topmargin smaller:
(fancyhdr)                \addtolength{\topmargin}{-2.49998pt}.

[64]
Underfull \hbox (badness 1275) in paragraph at lines 632--636
[]\T1/lmr/m/n/12 Jugnoo. (2022) How grab works: The on-demand busi-ness
 []

) (./appendices/appendixA.tex

Package fancyhdr Warning: \headheight is too small (12.0pt): 
(fancyhdr)                Make it at least 14.49998pt, for example:
(fancyhdr)                \setlength{\headheight}{14.49998pt}.
(fancyhdr)                You might also make \topmargin smaller:
(fancyhdr)                \addtolength{\topmargin}{-2.49998pt}.

[65]
Underfull \hbox (badness 4013) in paragraph at lines 25--25
[]|\T1/lmr/m/n/12 Research co-or-di-na-tion, data
 []


Underfull \hbox (badness 1371) in paragraph at lines 25--25
[]|\T1/lmr/m/n/12 Contingency and ad-min-is-tra-
 []

[66

]) (./appendices/appendixB.tex

Package fancyhdr Warning: \headheight is too small (12.0pt): 
(fancyhdr)                Make it at least 14.49998pt, for example:
(fancyhdr)                \setlength{\headheight}{14.49998pt}.
(fancyhdr)                You might also make \topmargin smaller:
(fancyhdr)                \addtolength{\topmargin}{-2.49998pt}.

[67

]) (./appendices/appendixC.tex

Package fancyhdr Warning: \headheight is too small (12.0pt): 
(fancyhdr)                Make it at least 14.49998pt, for example:
(fancyhdr)                \setlength{\headheight}{14.49998pt}.
(fancyhdr)                You might also make \topmargin smaller:
(fancyhdr)                \addtolength{\topmargin}{-2.49998pt}.

[68]

Package fancyhdr Warning: \headheight is too small (12.0pt): 
(fancyhdr)                Make it at least 14.49998pt, for example:
(fancyhdr)                \setlength{\headheight}{14.49998pt}.
(fancyhdr)                You might also make \topmargin smaller:
(fancyhdr)                \addtolength{\topmargin}{-2.49998pt}.

[69])

Package fancyhdr Warning: \headheight is too small (12.0pt): 
(fancyhdr)                Make it at least 14.49998pt, for example:
(fancyhdr)                \setlength{\headheight}{14.49998pt}.
(fancyhdr)                You might also make \topmargin smaller:
(fancyhdr)                \addtolength{\topmargin}{-2.49998pt}.

[70] (./main.aux)
 ***********
LaTeX2e <2025-11-01>
L3 programming layer <2026-01-19>
 ***********
Package rerunfilecheck Info: File `main.out' has not changed.
(rerunfilecheck)             Checksum: A16521EEE68BBD0439CBDE722F435ED3;11307.
 ) 
Here is how much of TeX's memory you used:
 21621 strings out of 467525
 396282 string characters out of 5418983
 935096 words of memory out of 5000000
 49799 multiletter control sequences out of 15000+600000
 678533 words of font info for 74 fonts, out of 8000000 for 9000
 1141 hyphenation exceptions out of 8191
 110i,12n,117p,735b,1681s stack positions out of 10000i,1000n,20000p,200000b,200000s
</usr/local/texlive/2026/texmf-dist/fonts/type1/public/lm/lmbx12.pfb></usr/lo
cal/texlive/2026/texmf-dist/fonts/type1/public/lm/lmr10.pfb></usr/local/texlive
/2026/texmf-dist/fonts/type1/public/lm/lmr12.pfb></usr/local/texlive/2026/texmf
-dist/fonts/type1/public/lm/lmri12.pfb></usr/local/texlive/2026/texmf-dist/font
s/type1/public/lm/lmsy10.pfb></usr/local/texlive/2026/texmf-dist/fonts/type1/pu
blic/lm/lmtt12.pfb></usr/local/texlive/2026/texmf-dist/fonts/type1/urw/times/ut
mb8a.pfb></usr/local/texlive/2026/texmf-dist/fonts/type1/urw/times/utmr8a.pfb>
Output written on main.pdf (81 pages, 8297009 bytes).
PDF statistics:
 1313 PDF objects out of 1440 (max. 8388607)
 1169 compressed objects within 12 object streams
 328 named destinations out of 1000 (max. 500000)
 694 words of extra memory for PDF output out of 10000 (max. 10000000)

