This is pdfTeX, Version 3.141592653-2.6-1.40.28 (MiKTeX 25.12) (preloaded format=pdflatex 2026.4.20)  12 JUN 2026 23:25
entering extended mode
 \write18 enabled.
 %&-line parsing enabled.
**./main.tex
(main.tex
LaTeX2e <2025-11-01>
L3 programming layer <2025-12-24>
(C:\Users\USER\Desktop\MIKTEX\tex/latex/base\report.cls
Document Class: report 2025/01/22 v1.4n Standard LaTeX document class
(C:\Users\USER\Desktop\MIKTEX\tex/latex/base\size12.clo
File: size12.clo 2025/01/22 v1.4n Standard LaTeX file (size option)
)
\c@part=\count275
\c@chapter=\count276
\c@section=\count277
\c@subsection=\count278
\c@subsubsection=\count279
\c@paragraph=\count280
\c@subparagraph=\count281
\c@figure=\count282
\c@table=\count283
\abovecaptionskip=\skip49
\belowcaptionskip=\skip50
\bibindent=\dimen148
)
(C:\Users\USER\Desktop\MIKTEX\tex/latex/base\inputenc.sty
Package: inputenc 2024/02/08 v1.3d Input encoding file
\inpenc@prehook=\toks17
\inpenc@posthook=\toks18
)
(C:\Users\USER\Desktop\MIKTEX\tex/latex/base\fontenc.sty
Package: fontenc 2025/07/18 v2.1d Standard LaTeX package
)
(C:\Users\USER\Desktop\MIKTEX\tex/latex/lm\lmodern.sty
Package: lmodern 2015/05/01 v1.6.1 Latin Modern Fonts
LaTeX Font Info:    Overwriting symbol font `operators' in version `normal'
(Font)                  OT1/cmr/m/n --> OT1/lmr/m/n on input line 22.
LaTeX Font Info:    Overwriting symbol font `letters' in version `normal'
(Font)                  OML/cmm/m/it --> OML/lmm/m/it on input line 23.
LaTeX Font Info:    Overwriting symbol font `symbols' in version `normal'
(Font)                  OMS/cmsy/m/n --> OMS/lmsy/m/n on input line 24.
LaTeX Font Info:    Overwriting symbol font `largesymbols' in version `normal'
(Font)                  OMX/cmex/m/n --> OMX/lmex/m/n on input line 25.
LaTeX Font Info:    Overwriting symbol font `operators' in version `bold'
(Font)                  OT1/cmr/bx/n --> OT1/lmr/bx/n on input line 26.
LaTeX Font Info:    Overwriting symbol font `letters' in version `bold'
(Font)                  OML/cmm/b/it --> OML/lmm/b/it on input line 27.
LaTeX Font Info:    Overwriting symbol font `symbols' in version `bold'
(Font)                  OMS/cmsy/b/n --> OMS/lmsy/b/n on input line 28.
LaTeX Font Info:    Overwriting symbol font `largesymbols' in version `bold'
(Font)                  OMX/cmex/m/n --> OMX/lmex/m/n on input line 29.
LaTeX Font Info:    Overwriting math alphabet `\mathbf' in version `normal'
(Font)                  OT1/cmr/bx/n --> OT1/lmr/bx/n on input line 31.
LaTeX Font Info:    Overwriting math alphabet `\mathsf' in version `normal'
(Font)                  OT1/cmss/m/n --> OT1/lmss/m/n on input line 32.
LaTeX Font Info:    Overwriting math alphabet `\mathit' in version `normal'
(Font)                  OT1/cmr/m/it --> OT1/lmr/m/it on input line 33.
LaTeX Font Info:    Overwriting math alphabet `\mathtt' in version `normal'
(Font)                  OT1/cmtt/m/n --> OT1/lmtt/m/n on input line 34.
LaTeX Font Info:    Overwriting math alphabet `\mathbf' in version `bold'
(Font)                  OT1/cmr/bx/n --> OT1/lmr/bx/n on input line 35.
LaTeX Font Info:    Overwriting math alphabet `\mathsf' in version `bold'
(Font)                  OT1/cmss/bx/n --> OT1/lmss/bx/n on input line 36.
LaTeX Font Info:    Overwriting math alphabet `\mathit' in version `bold'
(Font)                  OT1/cmr/bx/it --> OT1/lmr/bx/it on input line 37.
LaTeX Font Info:    Overwriting math alphabet `\mathtt' in version `bold'
(Font)                  OT1/cmtt/m/n --> OT1/lmtt/m/n on input line 38.
)
(C:\Users\USER\Desktop\MIKTEX\tex/latex/hyperref\hyperref.sty
Package: hyperref 2025-07-12 v7.01o Hypertext links for LaTeX

(C:\Users\USER\Desktop\MIKTEX\tex/generic/iftex\iftex.sty
Package: iftex 2024/12/12 v1.0g TeX engine tests
)
(C:\Users\USER\Desktop\MIKTEX\tex/latex/graphics\keyval.sty
Package: keyval 2022/05/29 v1.15 key=value parser (DPC)
\KV@toks@=\toks19
)
(C:\Users\USER\Desktop\MIKTEX\tex/latex/kvsetkeys\kvsetkeys.sty
Package: kvsetkeys 2022-10-05 v1.19 Key value parser (HO)
)
(C:\Users\USER\Desktop\MIKTEX\tex/generic/kvdefinekeys\kvdefinekeys.sty
Package: kvdefinekeys 2019-12-19 v1.6 Define keys (HO)
)
(C:\Users\USER\Desktop\MIKTEX\tex/generic/pdfescape\pdfescape.sty
Package: pdfescape 2019/12/09 v1.15 Implements pdfTeX's escape features (HO)

(C:\Users\USER\Desktop\MIKTEX\tex/generic/ltxcmds\ltxcmds.sty
Package: ltxcmds 2023-12-04 v1.26 LaTeX kernel commands for general use (HO)
)
(C:\Users\USER\Desktop\MIKTEX\tex/generic/pdftexcmds\pdftexcmds.sty
Package: pdftexcmds 2020-06-27 v0.33 Utility functions of pdfTeX for LuaTeX (HO
)

(C:\Users\USER\Desktop\MIKTEX\tex/generic/infwarerr\infwarerr.sty
Package: infwarerr 2019/12/03 v1.5 Providing info/warning/error messages (HO)
)
Package pdftexcmds Info: \pdf@primitive is available.
Package pdftexcmds Info: \pdf@ifprimitive is available.
Package pdftexcmds Info: \pdfdraftmode found.
))
(C:\Users\USER\Desktop\MIKTEX\tex/latex/hycolor\hycolor.sty
Package: hycolor 2020-01-27 v1.10 Color options for hyperref/bookmark (HO)
)
(C:\Users\USER\Desktop\MIKTEX\tex/latex/hyperref\nameref.sty
Package: nameref 2025-06-21 v2.57 Cross-referencing by name of section

(C:\Users\USER\Desktop\MIKTEX\tex/latex/refcount\refcount.sty
Package: refcount 2019/12/15 v3.6 Data extraction from label references (HO)
)
(C:\Users\USER\Desktop\MIKTEX\tex/generic/gettitlestring\gettitlestring.sty
Package: gettitlestring 2019/12/15 v1.6 Cleanup title references (HO)

(C:\Users\USER\Desktop\MIKTEX\tex/latex/kvoptions\kvoptions.sty
Package: kvoptions 2022-06-15 v3.15 Key value format for package options (HO)
))
\c@section@level=\count284
)
(C:\Users\USER\Desktop\MIKTEX\tex/latex/etoolbox\etoolbox.sty
Package: etoolbox 2025/10/02 v2.5m e-TeX tools for LaTeX (JAW)
\etb@tempcnta=\count285
)
(C:\Users\USER\Desktop\MIKTEX\tex/generic/stringenc\stringenc.sty
Package: stringenc 2019/11/29 v1.12 Convert strings between diff. encodings (HO
)
)
\@linkdim=\dimen149
\Hy@linkcounter=\count286
\Hy@pagecounter=\count287

(C:\Users\USER\Desktop\MIKTEX\tex/latex/hyperref\pd1enc.def
File: pd1enc.def 2025-07-12 v7.01o Hyperref: PDFDocEncoding definition (HO)
Now handling font encoding PD1 ...
... no UTF-8 mapping file for font encoding PD1
)
(C:\Users\USER\Desktop\MIKTEX\tex/generic/intcalc\intcalc.sty
Package: intcalc 2019/12/15 v1.3 Expandable calculations with integers (HO)
)
\Hy@SavedSpaceFactor=\count288

(C:\Users\USER\Desktop\MIKTEX\tex/latex/hyperref\puenc.def
File: puenc.def 2025-07-12 v7.01o Hyperref: PDF Unicode definition (HO)
Now handling font encoding PU ...
... no UTF-8 mapping file for font encoding PU
)
Package hyperref Info: Hyper figures OFF on input line 4195.
Package hyperref Info: Link nesting OFF on input line 4200.
Package hyperref Info: Hyper index ON on input line 4203.
Package hyperref Info: Plain pages OFF on input line 4210.
Package hyperref Info: Backreferencing OFF on input line 4215.
Package hyperref Info: Implicit mode ON; LaTeX internals redefined.
Package hyperref Info: Bookmarks ON on input line 4462.
\c@Hy@tempcnt=\count289

(C:\Users\USER\Desktop\MIKTEX\tex/latex/url\url.sty
\Urlmuskip=\muskip17
Package: url 2013/09/16  ver 3.4  Verb mode for urls, etc.
)
LaTeX Info: Redefining \url on input line 4801.
\XeTeXLinkMargin=\dimen150

(C:\Users\USER\Desktop\MIKTEX\tex/generic/bitset\bitset.sty
Package: bitset 2019/12/09 v1.3 Handle bit-vector datatype (HO)

(C:\Users\USER\Desktop\MIKTEX\tex/generic/bigintcalc\bigintcalc.sty
Package: bigintcalc 2019/12/15 v1.5 Expandable calculations on big integers (HO
)
))
\Fld@menulength=\count290
\Field@Width=\dimen151
\Fld@charsize=\dimen152
Package hyperref Info: Hyper figures OFF on input line 6078.
Package hyperref Info: Link nesting OFF on input line 6083.
Package hyperref Info: Hyper index ON on input line 6086.
Package hyperref Info: backreferencing OFF on input line 6093.
Package hyperref Info: Link coloring OFF on input line 6098.
Package hyperref Info: Link coloring with OCG OFF on input line 6103.
Package hyperref Info: PDF/A mode OFF on input line 6108.
\Hy@abspage=\count291
\c@Item=\count292
\c@Hfootnote=\count293
)
Package hyperref Info: Driver (autodetected): hpdftex.

(C:\Users\USER\Desktop\MIKTEX\tex/latex/hyperref\hpdftex.def
File: hpdftex.def 2025-07-12 v7.01o Hyperref driver for pdfTeX
\Fld@listcount=\count294
\c@bookmark@seq@number=\count295

(C:\Users\USER\Desktop\MIKTEX\tex/latex/rerunfilecheck\rerunfilecheck.sty
Package: rerunfilecheck 2025-06-21 v1.11 Rerun checks for auxiliary files (HO)

(C:\Users\USER\Desktop\MIKTEX\tex/generic/uniquecounter\uniquecounter.sty
Package: uniquecounter 2019/12/15 v1.4 Provide unlimited unique counter (HO)
)
Package uniquecounter Info: New unique counter `rerunfilecheck' on input line 2
84.
)
\Hy@SectionHShift=\skip51
)
(C:\Users\USER\Desktop\MIKTEX\tex/latex/geometry\geometry.sty
Package: geometry 2026/03/07 v6.0 Page Geometry

(C:\Users\USER\Desktop\MIKTEX\tex/generic/iftex\ifvtex.sty
Package: ifvtex 2019/10/25 v1.7 ifvtex legacy package. Use iftex instead.
)
\Gm@cnth=\count296
\Gm@cntv=\count297
\c@Gm@tempcnt=\count298
\Gm@bindingoffset=\dimen153
\Gm@wd@mp=\dimen154
\Gm@odd@mp=\dimen155
\Gm@even@mp=\dimen156
\Gm@layoutwidth=\dimen157
\Gm@layoutheight=\dimen158
\Gm@layouthoffset=\dimen159
\Gm@layoutvoffset=\dimen160
\Gm@dimlist=\toks20

(C:\Users\USER\Desktop\MIKTEX\tex/latex/geometry\geometry.cfg))
(C:\Users\USER\Desktop\MIKTEX\tex/latex/base\textcomp.sty
Package: textcomp 2024/04/24 v2.1b Standard LaTeX package
)
(C:\Users\USER\Desktop\MIKTEX\tex/latex/graphics\graphicx.sty
Package: graphicx 2024/12/31 v1.2e Enhanced LaTeX Graphics (DPC,SPQR)

(C:\Users\USER\Desktop\MIKTEX\tex/latex/graphics\graphics.sty
Package: graphics 2024/08/06 v1.4g Standard LaTeX Graphics (DPC,SPQR)

(C:\Users\USER\Desktop\MIKTEX\tex/latex/graphics\trig.sty
Package: trig 2023/12/02 v1.11 sin cos tan (DPC)
)
(C:\Users\USER\Desktop\MIKTEX\tex/latex/graphics-cfg\graphics.cfg
File: graphics.cfg 2016/06/04 v1.11 sample graphics configuration
)
Package graphics Info: Driver file: pdftex.def on input line 106.

(C:\Users\USER\Desktop\MIKTEX\tex/latex/graphics-def\pdftex.def
File: pdftex.def 2025/09/29 v1.2d Graphics/color driver for pdftex
))
\Gin@req@height=\dimen161
\Gin@req@width=\dimen162
)
(C:\Users\USER\Desktop\MIKTEX\tex/latex/cite\cite.sty
LaTeX Info: Redefining \cite on input line 302.
LaTeX Info: Redefining \nocite on input line 332.
Package: cite 2015/02/27  v 5.5
)
(C:\Users\USER\Desktop\MIKTEX\tex/latex/xcolor\xcolor.sty
Package: xcolor 2024/09/29 v3.02 LaTeX color extensions (UK)

(C:\Users\USER\Desktop\MIKTEX\tex/latex/graphics-cfg\color.cfg
File: color.cfg 2016/01/02 v1.6 sample color configuration
)
Package xcolor Info: Driver file: pdftex.def on input line 274.

(C:\Users\USER\Desktop\MIKTEX\tex/latex/graphics\mathcolor.ltx)
Package xcolor Info: Model `cmy' substituted by `cmy0' on input line 1349.
Package xcolor Info: Model `hsb' substituted by `rgb' on input line 1353.
Package xcolor Info: Model `RGB' extended on input line 1365.
Package xcolor Info: Model `HTML' substituted by `rgb' on input line 1367.
Package xcolor Info: Model `Hsb' substituted by `hsb' on input line 1368.
Package xcolor Info: Model `tHsb' substituted by `hsb' on input line 1369.
Package xcolor Info: Model `HSB' substituted by `hsb' on input line 1370.
Package xcolor Info: Model `Gray' substituted by `gray' on input line 1371.
Package xcolor Info: Model `wave' substituted by `hsb' on input line 1372.
)
(C:\Users\USER\Desktop\MIKTEX\tex/latex/amsmath\amsmath.sty
Package: amsmath 2025/07/09 v2.17z AMS math features
\@mathmargin=\skip52

For additional information on amsmath, use the `?' option.
(C:\Users\USER\Desktop\MIKTEX\tex/latex/amsmath\amstext.sty
Package: amstext 2024/11/17 v2.01 AMS text

(C:\Users\USER\Desktop\MIKTEX\tex/latex/amsmath\amsgen.sty
File: amsgen.sty 1999/11/30 v2.0 generic functions
\@emptytoks=\toks21
\ex@=\dimen163
))
(C:\Users\USER\Desktop\MIKTEX\tex/latex/amsmath\amsbsy.sty
Package: amsbsy 1999/11/29 v1.2d Bold Symbols
\pmbraise@=\dimen164
)
(C:\Users\USER\Desktop\MIKTEX\tex/latex/amsmath\amsopn.sty
Package: amsopn 2022/04/08 v2.04 operator names
)
\inf@bad=\count299
LaTeX Info: Redefining \frac on input line 233.
\uproot@=\count300
\leftroot@=\count301
LaTeX Info: Redefining \overline on input line 398.
LaTeX Info: Redefining \colon on input line 409.
\classnum@=\count302
\DOTSCASE@=\count303
LaTeX Info: Redefining \ldots on input line 495.
LaTeX Info: Redefining \dots on input line 498.
LaTeX Info: Redefining \cdots on input line 619.
\Mathstrutbox@=\box53
\strutbox@=\box54
LaTeX Info: Redefining \big on input line 721.
LaTeX Info: Redefining \Big on input line 722.
LaTeX Info: Redefining \bigg on input line 723.
LaTeX Info: Redefining \Bigg on input line 724.
\big@size=\dimen165
LaTeX Font Info:    Redeclaring font encoding OML on input line 742.
LaTeX Font Info:    Redeclaring font encoding OMS on input line 743.
\macc@depth=\count304
LaTeX Info: Redefining \bmod on input line 904.
LaTeX Info: Redefining \pmod on input line 909.
LaTeX Info: Redefining \smash on input line 939.
LaTeX Info: Redefining \relbar on input line 969.
LaTeX Info: Redefining \Relbar on input line 970.
\c@MaxMatrixCols=\count305
\dotsspace@=\muskip18
\c@parentequation=\count306
\dspbrk@lvl=\count307
\tag@help=\toks22
\row@=\count308
\column@=\count309
\maxfields@=\count310
\andhelp@=\toks23
\eqnshift@=\dimen166
\alignsep@=\dimen167
\tagshift@=\dimen168
\tagwidth@=\dimen169
\totwidth@=\dimen170
\lineht@=\dimen171
\@envbody=\toks24
\multlinegap=\skip53
\multlinetaggap=\skip54
\mathdisplay@stack=\toks25
LaTeX Info: Redefining \[ on input line 2950.
LaTeX Info: Redefining \] on input line 2951.
)
(C:\Users\USER\Desktop\MIKTEX\tex/latex/amsfonts\amssymb.sty
Package: amssymb 2013/01/14 v3.01 AMS font symbols

(C:\Users\USER\Desktop\MIKTEX\tex/latex/amsfonts\amsfonts.sty
Package: amsfonts 2013/01/14 v3.01 Basic AMSFonts support
\symAMSa=\mathgroup4
\symAMSb=\mathgroup5
LaTeX Font Info:    Redeclaring math symbol \hbar on input line 98.
LaTeX Font Info:    Overwriting math alphabet `\mathfrak' in version `bold'
(Font)                  U/euf/m/n --> U/euf/b/n on input line 106.
))
(C:\Users\USER\Desktop\MIKTEX\tex/latex/algorithms\algorithmic.sty
Package: algorithmic 2009/08/24 v0.1 Document Style `algorithmic'

(C:\Users\USER\Desktop\MIKTEX\tex/latex/base\ifthen.sty
Package: ifthen 2024/03/16 v1.1e Standard LaTeX ifthen package (DPC)
)
\c@ALC@unique=\count311
\c@ALC@line=\count312
\c@ALC@rem=\count313
\c@ALC@depth=\count314
\ALC@tlm=\skip55
\algorithmicindent=\skip56
)
(C:\Users\USER\Desktop\MIKTEX\tex/latex/changepage\changepage.sty
Package: changepage 2009/10/20 v1.0c check page and change page layout
\c@cp@cntr=\count315
\cp@tempcnt=\count316
)
(C:\Users\USER\Desktop\MIKTEX\tex/latex/fancyhdr\fancyhdr.sty
Package: fancyhdr 2025/02/07 v5.2 Extensive control of page headers and footers

\f@nch@headwidth=\skip57
\f@nch@offset@elh=\skip58
\f@nch@offset@erh=\skip59
\f@nch@offset@olh=\skip60
\f@nch@offset@orh=\skip61
\f@nch@offset@elf=\skip62
\f@nch@offset@erf=\skip63
\f@nch@offset@olf=\skip64
\f@nch@offset@orf=\skip65
\f@nch@height=\skip66
\f@nch@footalignment=\skip67
\f@nch@widthL=\skip68
\f@nch@widthC=\skip69
\f@nch@widthR=\skip70
\@temptokenb=\toks26
)
(C:\Users\USER\Desktop\MIKTEX\tex/latex/nomencl\nomencl.sty
Package: nomencl 2021/11/10 v5.6 Nomenclature package

(C:\Users\USER\Desktop\MIKTEX\tex/latex/xkeyval\xkeyval.sty
Package: xkeyval 2022/06/16 v2.9 package option processing (HA)

(C:\Users\USER\Desktop\MIKTEX\tex/generic/xkeyval\xkeyval.tex
(C:\Users\USER\Desktop\MIKTEX\tex/generic/xkeyval\xkvutils.tex
\XKV@toks=\toks27
\XKV@tempa@toks=\toks28
)
\XKV@depth=\count317
File: xkeyval.tex 2014/12/03 v2.7a key=value parser (HA)
))
(C:\Users\USER\Desktop\MIKTEX\tex/latex/koma-script\tocbasic.sty
Package: tocbasic 2026/02/02 v3.49.2 KOMA-Script package (handling toc-files)

(C:\Users\USER\Desktop\MIKTEX\tex/latex/koma-script\scrbase.sty
Package: scrbase 2026/02/02 v3.49.2 KOMA-Script package (KOMA-Script-independen
t basics and keyval usage)

(C:\Users\USER\Desktop\MIKTEX\tex/latex/koma-script\scrlfile.sty
Package: scrlfile 2026/02/02 v3.49.2 KOMA-Script package (file load hooks)

(C:\Users\USER\Desktop\MIKTEX\tex/latex/koma-script\scrlfile-hook.sty
Package: scrlfile-hook 2026/02/02 v3.49.2 KOMA-Script package (using LaTeX hook
s)

(C:\Users\USER\Desktop\MIKTEX\tex/latex/koma-script\scrlogo.sty
Package: scrlogo 2026/02/02 v3.49.2 KOMA-Script package (logo)
)))
Applying: [2021/05/01] Usage of raw or classic option list on input line 254.
Already applied: [0000/00/00] Usage of raw or classic option list on input line
 370.
)
\scr@dte@tocline@numberwidth=\skip71
\scr@dte@tocline@numbox=\box55
)
Package tocbasic Info: omitting babel extension for `nlo'
(tocbasic)             because of missing \bbl@set@language on input line 187.
Package tocbasic Info: omitting babel extension for `nls'
(tocbasic)             because of missing \bbl@set@language on input line 188.
\nomlabelwidth=\dimen172
\nom@tempdim=\dimen173
\nomitemsep=\skip72
)
(C:\Users\USER\Desktop\MIKTEX\tex/latex/appendix\appendix.sty
Package: appendix 2020/02/08 v1.2c extra appendix facilities
\c@@pps=\count318
\c@@ppsavesec=\count319
\c@@ppsaveapp=\count320
)
(C:\Users\USER\Desktop\MIKTEX\tex/latex/tocloft\tocloft.sty
Package: tocloft 2017/08/31 v2.3i parameterised ToC, etc., typesetting
Package tocloft Info: The document has chapter divisions on input line 51.
\cftparskip=\skip73
\cftbeforetoctitleskip=\skip74
\cftaftertoctitleskip=\skip75
\cftbeforepartskip=\skip76
\cftpartnumwidth=\skip77
\cftpartindent=\skip78
\cftbeforechapskip=\skip79
\cftchapindent=\skip80
\cftchapnumwidth=\skip81
\cftbeforesecskip=\skip82
\cftsecindent=\skip83
\cftsecnumwidth=\skip84
\cftbeforesubsecskip=\skip85
\cftsubsecindent=\skip86
\cftsubsecnumwidth=\skip87
\cftbeforesubsubsecskip=\skip88
\cftsubsubsecindent=\skip89
\cftsubsubsecnumwidth=\skip90
\cftbeforeparaskip=\skip91
\cftparaindent=\skip92
\cftparanumwidth=\skip93
\cftbeforesubparaskip=\skip94
\cftsubparaindent=\skip95
\cftsubparanumwidth=\skip96
\cftbeforeloftitleskip=\skip97
\cftafterloftitleskip=\skip98
\cftbeforefigskip=\skip99
\cftfigindent=\skip100
\cftfignumwidth=\skip101
\c@lofdepth=\count321
\c@lotdepth=\count322
\cftbeforelottitleskip=\skip102
\cftafterlottitleskip=\skip103
\cftbeforetabskip=\skip104
\cfttabindent=\skip105
\cfttabnumwidth=\skip106
)
(C:\Users\USER\Desktop\MIKTEX\tex/latex/tools\tabularx.sty
Package: tabularx 2023/12/11 v2.12a `tabularx' package (DPC)

(C:\Users\USER\Desktop\MIKTEX\tex/latex/tools\array.sty
Package: array 2025/09/25 v2.6n Tabular extension package (FMi)
\col@sep=\dimen174
\ar@mcellbox=\box56
\extrarowheight=\dimen175
\NC@list=\toks29
\extratabsurround=\skip107
\backup@length=\skip108
\ar@cellbox=\box57
)
\TX@col@width=\dimen176
\TX@old@table=\dimen177
\TX@old@col=\dimen178
\TX@target=\dimen179
\TX@delta=\dimen180
\TX@cols=\count323
\TX@ftn=\toks30
)
(C:\Users\USER\Desktop\MIKTEX\tex/latex/colortbl\colortbl.sty
Package: colortbl 2024/10/29 v1.0k Color table columns (DPC)
\everycr=\toks31
\minrowclearance=\skip109
\rownum=\count324
)
(C:\Users\USER\Desktop\MIKTEX\tex/latex/tools\longtable.sty
Package: longtable 2025-10-13 v4.24 Multi-page Table package (DPC)
\LTleft=\skip110
\LTright=\skip111
\LTpre=\skip112
\LTpost=\skip113
\LTchunksize=\count325
\LTcapwidth=\dimen181
\LT@head=\box58
\LT@firsthead=\box59
\LT@foot=\box60
\LT@lastfoot=\box61
\LT@gbox=\box62
\LT@cols=\count326
\LT@rows=\count327
\c@LT@tables=\count328
\c@LT@chunks=\count329
\LT@p@ftn=\toks32
)
(C:\Users\USER\Desktop\MIKTEX\tex/latex/tabularray\tabularray.sty
Package: tabularray 2025-11-27 v2025C Typeset tabulars and arrays with LaTeX3

(C:\Users\USER\Desktop\MIKTEX\tex/latex/ninecolors\ninecolors.sty
Package: ninecolors 2022-02-13 v2022D Select colors with proper color contrast

(C:\Users\USER\Desktop\MIKTEX\tex/latex/l3packages/xparse\xparse.sty
(C:\Users\USER\Desktop\MIKTEX\tex/latex/l3kernel\expl3.sty
Package: expl3 2025-12-24 L3 programming layer (loader) 

(C:\Users\USER\Desktop\MIKTEX\tex/latex/l3backend\l3backend-pdftex.def
File: l3backend-pdftex.def 2025-10-09 L3 backend support: PDF output (pdfTeX)
\l__color_backend_stack_int=\count330
))
Package: xparse 2025-10-09 L3 Experimental document command parser
))
\g__tblr_nohyper_int=\count331
\l__tblr_a_int=\count332
\l__tblr_c_int=\count333
\l__tblr_r_int=\count334
\l__tblr_d_dim=\dimen182
\l__tblr_h_dim=\dimen183
\l__tblr_o_dim=\dimen184
\l__tblr_p_dim=\dimen185
\l__tblr_q_dim=\dimen186
\l__tblr_r_dim=\dimen187
\l__tblr_s_dim=\dimen188
\l__tblr_t_dim=\dimen189
\l__tblr_v_dim=\dimen190
\l__tblr_w_dim=\dimen191
\l__tblr_a_box=\box63
\l__tblr_b_box=\box64
\l__tblr_c_box=\box65
\l__tblr_d_box=\box66
\c@tblrcount=\count335
\c@colnum=\count336
\c@rowcount=\count337
\c@colcount=\count338
\abovesep=\dimen192
\belowsep=\dimen193
\leftsep=\dimen194
\rightsep=\dimen195
\gTblrLevelInt=\count339
\g__tblr_data_row_key_count_int=\count340
\g__tblr_data_column_key_count_int=\count341
\g__tblr_data_cell_key_count_int=\count342
\g__tblr_array_int=\count343
\l__tblr_key_count_int=\count344
\l__tblr_key_quotient_int=\count345
\l__tblr_key_quotient_two_int=\count346
\l__tblr_key_remainder_int=\count347
\g__tblr_data_str_value_count_int=\count348
\lTblrChildTotalInt=\count349
\lTblrChildHtotalInt=\count350
\lTblrChildVtotalInt=\count351
\l__child_diff_h_int=\count352
\l__child_diff_v_int=\count353
\l__child_sign_h_int=\count354
\l__child_sign_v_int=\count355
\l__child_step_int=\count356
\lTblrDefaultHruleWidthDim=\dimen196
\lTblrDefaultVruleWidthDim=\dimen197
\l__tblr_split_balance_int=\count357
\l__tblr_strut_dp_dim=\dimen198
\l__tblr_strut_ht_dim=\dimen199
\g__tblr_cell_wd_dim=\dimen256
\g__tblr_cell_ht_dim=\dimen257
\g__tblr_cell_head_dim=\dimen258
\g__tblr_cell_foot_dim=\dimen259
\l__tblr_measured_cell_box=\box67
\g__tblr_last_box=\box68
\l__tblr_temp_box=\box69
\l__tblr_column_target_dim=\dimen260
\l__tblr_hfuzz_dim=\dimen261
\l__tblr_caption_box=\box70
\l__tblr_caption_left_box=\box71
\lTblrRowHeadInt=\count358
\lTblrRowFootInt=\count359
\l__tblr_row_head_box=\box72
\l__tblr_row_foot_box=\box73
\l__tblr_row_head_foot_dim=\dimen262
\lTblrTableWidthDim=\dimen263
\l__tblr_table_firsthead_box=\box74
\l__tblr_table_middlehead_box=\box75
\l__tblr_table_lasthead_box=\box76
\l__tblr_table_firstfoot_box=\box77
\l__tblr_table_middlefoot_box=\box78
\l__tblr_table_lastfoot_box=\box79
\l__tblr_remain_height_dim=\dimen264
\l__tblr_next_rows_dim=\dimen265
\l__tblr_page_overfill_dim=\dimen266
\l__tblr_long_from_int=\count360
\l__tblr_long_to_int=\count361
\l__tblr_curr_i_int=\count362
\l__tblr_prev_i_int=\count363
\lTblrTablePageInt=\count364
\l__tblr_table_head_box=\box80
\l__tblr_table_foot_box=\box81
\l__tblr_table_head_foot_dim=\dimen267
\l__tblr_table_head_body_foot_dim=\dimen268
\l__tblr_table_box=\box82
\lTblrRowFirstInt=\count365
\lTblrRowLastInt=\count366
\l__tblr_cover_box_a_dim=\dimen269
\l__tblr_cover_box_b_dim=\dimen270
\l__tblr_table_hlines_box=\box83
\l__tblr_hline_box=\box84
\l__tblr_row_box=\box85
\l__tblr_col_o_wd_dim=\dimen271
\l__tblr_col_b_wd_dim=\dimen272
\l__tblr_hline_leftskip_dim=\dimen273
\l__tblr_hline_rightskip_dim=\dimen274
\l__tblr_row_ht_dim=\dimen275
\l__tblr_row_dp_dim=\dimen276
\l__tblr_row_abovesep_dim=\dimen277
\l__tblr_row_belowsep_dim=\dimen278
\l__tblr_row_vlines_box=\box86
\l__tblr_vline_box=\box87
\l__tblr_cell_box=\box88
\l__tblr_row_upper_dim=\dimen279
\l__tblr_row_lower_dim=\dimen280
\l__tblr_row_vpace_dim=\dimen281
\l__tblr_vline_aboveskip_dim=\dimen282
\l__tblr_vline_belowskip_dim=\dimen283
\lTblrCellRowSpanInt=\count367
\lTblrCellColSpanInt=\count368
\l__tblr_cell_wd_dim=\dimen284
\l__tblr_cell_ht_dim=\dimen285
\lTblrCellAboveBorderWidthDim=\dimen286
\lTblrCellBelowBorderWidthDim=\dimen287
\lTblrCellLeftBorderWidthDim=\dimen288
\lTblrCellRightBorderWidthDim=\dimen289
\l__tblr_diag_box=\box89
\l__tblr_cell_inner_wd_dim=\dimen290
\l__tblr_cell_inner_dp_dim=\dimen291
\l__tblr_cell_hanchor_dim=\dimen292
\l__tblr_last_cell_table_ht_dim=\dimen293
\l__tblr_last_cell_table_dp_dim=\dimen294
\l__tblr_last_vline_wd_dim=\dimen295
\l__tblr_tikz_node_box=\box90
)
(C:\Users\USER\Desktop\MIKTEX\tex/latex/caption\subcaption.sty
Package: subcaption 2023/07/28 v1.6b Sub-captions (AR)

(C:\Users\USER\Desktop\MIKTEX\tex/latex/caption\caption.sty
Package: caption 2023/08/05 v3.6o Customizing captions (AR)

(C:\Users\USER\Desktop\MIKTEX\tex/latex/caption\caption3.sty
Package: caption3 2023/07/31 v2.4d caption3 kernel (AR)
\caption@tempdima=\dimen296
\captionmargin=\dimen297
\caption@leftmargin=\dimen298
\caption@rightmargin=\dimen299
\caption@width=\dimen300
\caption@indent=\dimen301
\caption@parindent=\dimen302
\caption@hangindent=\dimen303
Package caption Info: Standard document class detected.
)
\c@caption@flags=\count369
\c@continuedfloat=\count370
Package caption Info: changepage package is loaded.
\caption@adjustwidth@hsize=\dimen304
\caption@adjustwidth@linewidth=\dimen305
Package caption Info: hyperref package is loaded.
Package caption Info: longtable package is loaded.

(C:\Users\USER\Desktop\MIKTEX\tex/latex/caption\ltcaption.sty
Package: ltcaption 2021/01/08 v1.4c longtable captions (AR)
))
Package caption Info: New subtype `subfigure' on input line 238.
\c@subfigure=\count371
Package caption Info: New subtype `subtable' on input line 238.
\c@subtable=\count372
)
(C:\Users\USER\Desktop\MIKTEX\tex/latex/booktabs\booktabs.sty
Package: booktabs 2020/01/12 v1.61803398 Publication quality tables
\heavyrulewidth=\dimen306
\lightrulewidth=\dimen307
\cmidrulewidth=\dimen308
\belowrulesep=\dimen309
\belowbottomsep=\dimen310
\aboverulesep=\dimen311
\abovetopsep=\dimen312
\cmidrulesep=\dimen313
\cmidrulekern=\dimen314
\defaultaddspace=\dimen315
\@cmidla=\count373
\@cmidlb=\count374
\@aboverulesep=\dimen316
\@belowrulesep=\dimen317
\@thisruleclass=\count375
\@lastruleclass=\count376
\@thisrulewidth=\dimen318
)
(C:\Users\USER\Desktop\MIKTEX\tex/latex/svg\svg.sty
Package: svg 2020/11/26 v2.02k (include SVG pictures)

(C:\Users\USER\Desktop\MIKTEX\tex/latex/trimspaces\trimspaces.sty
Package: trimspaces 2009/09/17 v1.1 Trim spaces around a token list
)
(C:\Users\USER\Desktop\MIKTEX\tex/latex/tools\shellesc.sty
Package: shellesc 2023/07/08 v1.0d unified shell escape interface for LaTeX
Package shellesc Info: Unrestricted shell escape enabled on input line 75.
)
(C:\Users\USER\Desktop\MIKTEX\tex/latex/ifplatform\ifplatform.sty
Package: ifplatform 2017/10/13 v0.4a Testing for the operating system

(C:\Users\USER\Desktop\MIKTEX\tex/generic/catchfile\catchfile.sty
Package: catchfile 2019/12/09 v1.8 Catch the contents of a file (HO)

(C:\Users\USER\Desktop\MIKTEX\tex/generic/etexcmds\etexcmds.sty
Package: etexcmds 2019/12/15 v1.7 Avoid name clashes with e-TeX commands (HO)
))
(C:\Users\USER\Desktop\MIKTEX\tex/generic/iftex\ifluatex.sty
Package: ifluatex 2019/10/25 v1.5 ifluatex legacy package. Use iftex instead.
))
\c@svg@param@lastpage=\count377
\svg@box=\box91
\c@svg@param@currpage=\count378
)
(C:\Users\USER\Desktop\MIKTEX\tex/latex/transparent\transparent.sty
Package: transparent 2025-06-23 v1.6 Transparency with color stacks

(C:\Users\USER\Desktop\MIKTEX\tex/latex/transparent\transparent-nometadata.sty
Package: transparent-nometadata 2025-06-23 v1.6 Transparency via pdfTeX's color
 stack (HO)

(C:\Users\USER\Desktop\MIKTEX\tex/latex/auxhook\auxhook.sty
Package: auxhook 2019-12-17 v1.6 Hooks for auxiliary files (HO)
)))
(C:\Users\USER\Desktop\MIKTEX\tex/latex/pgf/systemlayer\pgfsys.sty
(C:\Users\USER\Desktop\MIKTEX\tex/latex/pgf/utilities\pgfrcs.sty
(C:\Users\USER\Desktop\MIKTEX\tex/generic/pgf/utilities\pgfutil-common.tex
\pgfutil@everybye=\toks33
\pgfutil@tempdima=\dimen319
\pgfutil@tempdimb=\dimen320
)
(C:\Users\USER\Desktop\MIKTEX\tex/generic/pgf/utilities\pgfutil-latex.def
\pgfutil@abb=\box92
)
(C:\Users\USER\Desktop\MIKTEX\tex/generic/pgf/utilities\pgfrcs.code.tex
(C:\Users\USER\Desktop\MIKTEX\tex/generic/pgf\pgf.revision.tex)
Package: pgfrcs 2025-08-29 v3.1.11a (3.1.11a)
))
(C:\Users\USER\Desktop\MIKTEX\tex/generic/pgf/systemlayer\pgfsys.code.tex
Package: pgfsys 2025-08-29 v3.1.11a (3.1.11a)

(C:\Users\USER\Desktop\MIKTEX\tex/generic/pgf/utilities\pgfkeys.code.tex
\pgfkeys@pathtoks=\toks34
\pgfkeys@temptoks=\toks35

(C:\Users\USER\Desktop\MIKTEX\tex/generic/pgf/utilities\pgfkeyslibraryfiltered.
code.tex
\pgfkeys@tmptoks=\toks36
))
\pgf@x=\dimen321
\pgf@y=\dimen322
\pgf@xa=\dimen323
\pgf@ya=\dimen324
\pgf@xb=\dimen325
\pgf@yb=\dimen326
\pgf@xc=\dimen327
\pgf@yc=\dimen328
\pgf@xd=\dimen329
\pgf@yd=\dimen330
\w@pgf@writea=\write3
\r@pgf@reada=\read2
\c@pgf@counta=\count379
\c@pgf@countb=\count380
\c@pgf@countc=\count381
\c@pgf@countd=\count382
\t@pgf@toka=\toks37
\t@pgf@tokb=\toks38
\t@pgf@tokc=\toks39
\pgf@sys@id@count=\count383
 (C:\Users\USER\Desktop\MIKTEX\tex/generic/pgf/systemlayer\pgf.cfg
File: pgf.cfg 2025-08-29 v3.1.11a (3.1.11a)
)
Driver file for pgf: pgfsys-pdftex.def

(C:\Users\USER\Desktop\MIKTEX\tex/generic/pgf/systemlayer\pgfsys-pdftex.def
File: pgfsys-pdftex.def 2025-08-29 v3.1.11a (3.1.11a)

(C:\Users\USER\Desktop\MIKTEX\tex/generic/pgf/systemlayer\pgfsys-common-pdf.def
File: pgfsys-common-pdf.def 2025-08-29 v3.1.11a (3.1.11a)
)))
(C:\Users\USER\Desktop\MIKTEX\tex/generic/pgf/systemlayer\pgfsyssoftpath.code.t
ex
File: pgfsyssoftpath.code.tex 2025-08-29 v3.1.11a (3.1.11a)
\pgfsyssoftpath@smallbuffer@items=\count384
\pgfsyssoftpath@bigbuffer@items=\count385
)
(C:\Users\USER\Desktop\MIKTEX\tex/generic/pgf/systemlayer\pgfsysprotocol.code.t
ex
File: pgfsysprotocol.code.tex 2025-08-29 v3.1.11a (3.1.11a)
)) (C:\Users\USER\Desktop\MIKTEX\tex/latex/float\float.sty
Package: float 2001/11/08 v1.3d Float enhancements (AL)
\c@float@type=\count386
\float@exts=\toks40
\float@box=\box93
\@float@everytoks=\toks41
\@floatcapt=\box94
)
Package hyperref Info: Option `colorlinks' set `true' on input line 38.
\@nomenclaturefile=\write4
\openout4 = `main.nlo'.

Package nomencl Info: Writing nomenclature file main.nlo on input line 40.


Package fancyhdr Warning: \fancyhead's `E' option without twoside option is use
less.
(fancyhdr)                Please consider using the `twoside' option on input l
ine 45.


Package fancyhdr Warning: \fancyhead's `E' option without twoside option is use
less.
(fancyhdr)                Please consider using the `twoside' option on input l
ine 46.

(C:\Users\USER\Desktop\MIKTEX\tex/latex/titlesec\titlesec.sty
Package: titlesec 2025/01/04 v2.17 Sectioning titles
\ttl@box=\box95
\beforetitleunit=\skip114
\aftertitleunit=\skip115
\ttl@plus=\dimen331
\ttl@minus=\dimen332
\ttl@toksa=\toks42
\titlewidth=\dimen333
\titlewidthlast=\dimen334
\titlewidthfirst=\dimen335
)
(C:\Users\USER\Desktop\MIKTEX\tex/latex/graphics\rotating.sty
Package: rotating 2025/01/14 v2.16e rotated objects in LaTeX
\c@r@tfl@t=\count387
\rotFPtop=\skip116
\rotFPbot=\skip117
\rot@float@box=\box96
\rot@mess@toks=\toks43
)
LaTeX Font Info:    Trying to load font information for T1+lmr on input line 62
.

(C:\Users\USER\Desktop\MIKTEX\tex/latex/lm\t1lmr.fd
File: t1lmr.fd 2015/05/01 v1.6.1 Font defs for Latin Modern
)
(C:\Users\USER\Desktop\New folder\FYP-main\FYP\build\main.aux)
\openout1 = `main.aux'.

LaTeX Font Info:    Checking defaults for OML/cmm/m/it on input line 62.
LaTeX Font Info:    ... okay on input line 62.
LaTeX Font Info:    Checking defaults for OMS/cmsy/m/n on input line 62.
LaTeX Font Info:    ... okay on input line 62.
LaTeX Font Info:    Checking defaults for OT1/cmr/m/n on input line 62.
LaTeX Font Info:    ... okay on input line 62.
LaTeX Font Info:    Checking defaults for T1/cmr/m/n on input line 62.
LaTeX Font Info:    ... okay on input line 62.
LaTeX Font Info:    Checking defaults for TS1/cmr/m/n on input line 62.
LaTeX Font Info:    ... okay on input line 62.
LaTeX Font Info:    Checking defaults for OMX/cmex/m/n on input line 62.
LaTeX Font Info:    ... okay on input line 62.
LaTeX Font Info:    Checking defaults for U/cmr/m/n on input line 62.
LaTeX Font Info:    ... okay on input line 62.
LaTeX Font Info:    Checking defaults for PD1/pdf/m/n on input line 62.
LaTeX Font Info:    ... okay on input line 62.
LaTeX Font Info:    Checking defaults for PU/pdf/m/n on input line 62.
LaTeX Font Info:    ... okay on input line 62.
Package hyperref Info: Link coloring ON on input line 62.

(C:\Users\USER\Desktop\New folder\FYP-main\FYP\build\main.out)
(C:\Users\USER\Desktop\New folder\FYP-main\FYP\build\main.out)
\@outlinefile=\write5
\openout5 = `main.out'.


*geometry* driver: auto-detecting
*geometry* detected driver: pdftex
*geometry* verbose mode - [ preamble ] result:
* driver: pdftex
* paper: <default>
* layout: <same size as paper>
* layoutoffset:(h,v)=(0.0pt,0.0pt)
* modes: 
* h-part:(L,W,R)=(72.26999pt, 469.75502pt, 72.26999pt)
* v-part:(T,H,B)=(72.26999pt, 650.43001pt, 72.26999pt)
* \paperwidth=614.295pt
* \paperheight=794.96999pt
* \textwidth=469.75502pt
* \textheight=650.43001pt
* \oddsidemargin=0.0pt
* \evensidemargin=0.0pt
* \topmargin=-37.0pt
* \headheight=12.0pt
* \headsep=25.0pt
* \topskip=12.0pt
* \footskip=30.0pt
* \marginparwidth=44.0pt
* \marginparsep=10.0pt
* \columnsep=10.0pt
* \skip\footins=10.8pt plus 4.0pt minus 2.0pt
* \hoffset=0.0pt
* \voffset=0.0pt
* \mag=1000
* \@twocolumnfalse
* \@twosidefalse
* \@mparswitchfalse
* \@reversemarginfalse
* (1in=72.27pt=25.4mm, 1cm=28.453pt)

(C:\Users\USER\Desktop\MIKTEX\tex/context/base/mkii\supp-pdf.mkii
[Loading MPS to PDF converter (version 2006.09.02).]
\scratchcounter=\count388
\scratchdimen=\dimen336
\scratchbox=\box97
\nofMPsegments=\count389
\nofMParguments=\count390
\everyMPshowfont=\toks44
\MPscratchCnt=\count391
\MPscratchDim=\dimen337
\MPnumerator=\count392
\makeMPintoPDFobject=\count393
\everyMPtoPDFconversion=\toks45
) (C:\Users\USER\Desktop\MIKTEX\tex/latex/epstopdf-pkg\epstopdf-base.sty
Package: epstopdf-base 2020-01-24 v2.11 Base part for package epstopdf
Package epstopdf-base Info: Redefining graphics rule for `.eps' on input line 4
85.

(C:\Users\USER\Desktop\MIKTEX\tex/latex/00miktex\epstopdf-sys.cfg
File: epstopdf-sys.cfg 2021/03/18 v2.0 Configuration of epstopdf for MiKTeX
))
Package caption Info: Begin \AtBeginDocument code.
Package caption Info: float package is loaded.
Package caption Info: rotating package is loaded.
Package caption Info: End \AtBeginDocument code.

(titlepage.tex
<images/Logo2.png, id=293, 936.49875pt x 260.975pt>
File: images/Logo2.png Graphic file (type png)
<use images/Logo2.png>
Package pdftex.def Info: images/Logo2.png  used on input line 4.
(pdftex.def)             Requested size: 469.75502pt x 130.90929pt.
<images/red _line.png, id=295, 187.45032pt x 145.29282pt>
File: images/red _line.png Graphic file (type png)
<use images/red _line.png>
Package pdftex.def Info: images/red _line.png  used on input line 7.
(pdftex.def)             Requested size: 469.78587pt x 5.68878pt.
 [1

{C:/Users/USER/AppData/Local/MiKTeX/fonts/map/pdftex/pdftex.map}{C:/Users/USER/
Desktop/MIKTEX/fonts/enc/dvips/lm/lm-ec.enc} <./images/Logo2.png> <./images/red
 _line.png>]) (declaration.tex
LaTeX Font Info:    Trying to load font information for T1+ptm on input line 12
.

(C:\Users\USER\Desktop\MIKTEX\tex/latex/psnfss\t1ptm.fd
File: t1ptm.fd 2001/06/04 font definitions for T1/ptm.
)
LaTeX Font Info:    Trying to load font information for OT1+lmr on input line 1
4.

(C:\Users\USER\Desktop\MIKTEX\tex/latex/lm\ot1lmr.fd
File: ot1lmr.fd 2015/05/01 v1.6.1 Font defs for Latin Modern
)
LaTeX Font Info:    Trying to load font information for OML+lmm on input line 1
4.

(C:\Users\USER\Desktop\MIKTEX\tex/latex/lm\omllmm.fd
File: omllmm.fd 2015/05/01 v1.6.1 Font defs for Latin Modern
)
LaTeX Font Info:    Trying to load font information for OMS+lmsy on input line 
14.

(C:\Users\USER\Desktop\MIKTEX\tex/latex/lm\omslmsy.fd
File: omslmsy.fd 2015/05/01 v1.6.1 Font defs for Latin Modern
)
LaTeX Font Info:    Trying to load font information for OMX+lmex on input line 
14.

(C:\Users\USER\Desktop\MIKTEX\tex/latex/lm\omxlmex.fd
File: omxlmex.fd 2015/05/01 v1.6.1 Font defs for Latin Modern
)
LaTeX Font Info:    External font `lmex10' loaded for size
(Font)              <12> on input line 14.
LaTeX Font Info:    External font `lmex10' loaded for size
(Font)              <8> on input line 14.
LaTeX Font Info:    External font `lmex10' loaded for size
(Font)              <6> on input line 14.
LaTeX Font Info:    Trying to load font information for U+msa on input line 14.


(C:\Users\USER\Desktop\MIKTEX\tex/latex/amsfonts\umsa.fd
File: umsa.fd 2013/01/14 v3.01 AMS symbols A
)
LaTeX Font Info:    Trying to load font information for U+msb on input line 14.


(C:\Users\USER\Desktop\MIKTEX\tex/latex/amsfonts\umsb.fd
File: umsb.fd 2013/01/14 v3.01 AMS symbols B
)
Overfull \hbox (10.4347pt too wide) in paragraph at lines 14--27
[][]
 []


Underfull \hbox (badness 10000) in paragraph at lines 14--27

 []

) (approval.tex
pdfTeX warning (ext4): destination with the same identifier (name{page.i}) has 
been already used, duplicate ignored
<to be read again> 
                   \relax 
l.1 \chapter
            *{Approval} [1

{C:/Users/USER/Desktop/MIKTEX/fonts/enc/dvips/base/8r.enc}]) (dedication.tex [2

]) (acknowledgements.tex [3

]) (abstract.tex [4

])
(acronyms.tex
No file main.nls.
) [5

] (C:\Users\USER\Desktop\New folder\FYP-main\FYP\build\main.toc [6]

Package fancyhdr Warning: \headheight is too small (12.0pt): 
(fancyhdr)                Make it at least 14.49998pt, for example:
(fancyhdr)                \setlength{\headheight}{14.49998pt}.
(fancyhdr)                You might also make \topmargin smaller:
(fancyhdr)                \addtolength{\topmargin}{-2.49998pt}.

[7])
\tf@toc=\write6
\openout6 = `main.toc'.

 (C:\Users\USER\Desktop\New folder\FYP-main\FYP\build\main.lof)
\tf@lof=\write7
\openout7 = `main.lof'.


(C:\Users\USER\Desktop\New folder\FYP-main\FYP\build\main.lot)
\tf@lot=\write8
\openout8 = `main.lot'.

 [8]
(chapters/introduction.tex
Chapter 1.
[1

]

Package fancyhdr Warning: \headheight is too small (12.0pt): 
(fancyhdr)                Make it at least 14.49998pt, for example:
(fancyhdr)                \setlength{\headheight}{14.49998pt}.
(fancyhdr)                You might also make \topmargin smaller:
(fancyhdr)                \addtolength{\topmargin}{-2.49998pt}.

[2]
LaTeX Font Info:    Trying to load font information for TS1+lmr on input line 1
52.
 (C:\Users\USER\Desktop\MIKTEX\tex/latex/lm\ts1lmr.fd
File: ts1lmr.fd 2015/05/01 v1.6.1 Font defs for Latin Modern
)

Package fancyhdr Warning: \headheight is too small (12.0pt): 
(fancyhdr)                Make it at least 14.49998pt, for example:
(fancyhdr)                \setlength{\headheight}{14.49998pt}.
(fancyhdr)                You might also make \topmargin smaller:
(fancyhdr)                \addtolength{\topmargin}{-2.49998pt}.

[3{C:/Users/USER/Desktop/MIKTEX/fonts/enc/dvips/lm/lm-ts1.enc}])
(chapters/literature_review.tex

Package fancyhdr Warning: \headheight is too small (12.0pt): 
(fancyhdr)                Make it at least 14.49998pt, for example:
(fancyhdr)                \setlength{\headheight}{14.49998pt}.
(fancyhdr)                You might also make \topmargin smaller:
(fancyhdr)                \addtolength{\topmargin}{-2.49998pt}.

[4]
Chapter 2.
[5

]

Package fancyhdr Warning: \headheight is too small (12.0pt): 
(fancyhdr)                Make it at least 14.49998pt, for example:
(fancyhdr)                \setlength{\headheight}{14.49998pt}.
(fancyhdr)                You might also make \topmargin smaller:
(fancyhdr)                \addtolength{\topmargin}{-2.49998pt}.

[6]

Package fancyhdr Warning: \headheight is too small (12.0pt): 
(fancyhdr)                Make it at least 14.49998pt, for example:
(fancyhdr)                \setlength{\headheight}{14.49998pt}.
(fancyhdr)                You might also make \topmargin smaller:
(fancyhdr)                \addtolength{\topmargin}{-2.49998pt}.

[7]

Package fancyhdr Warning: \headheight is too small (12.0pt): 
(fancyhdr)                Make it at least 14.49998pt, for example:
(fancyhdr)                \setlength{\headheight}{14.49998pt}.
(fancyhdr)                You might also make \topmargin smaller:
(fancyhdr)                \addtolength{\topmargin}{-2.49998pt}.

[8]

Package fancyhdr Warning: \headheight is too small (12.0pt): 
(fancyhdr)                Make it at least 14.49998pt, for example:
(fancyhdr)                \setlength{\headheight}{14.49998pt}.
(fancyhdr)                You might also make \topmargin smaller:
(fancyhdr)                \addtolength{\topmargin}{-2.49998pt}.

[9]

Package fancyhdr Warning: \headheight is too small (12.0pt): 
(fancyhdr)                Make it at least 14.49998pt, for example:
(fancyhdr)                \setlength{\headheight}{14.49998pt}.
(fancyhdr)                You might also make \topmargin smaller:
(fancyhdr)                \addtolength{\topmargin}{-2.49998pt}.

[10]

Package fancyhdr Warning: \headheight is too small (12.0pt): 
(fancyhdr)                Make it at least 14.49998pt, for example:
(fancyhdr)                \setlength{\headheight}{14.49998pt}.
(fancyhdr)                You might also make \topmargin smaller:
(fancyhdr)                \addtolength{\topmargin}{-2.49998pt}.

[11]

Package fancyhdr Warning: \headheight is too small (12.0pt): 
(fancyhdr)                Make it at least 14.49998pt, for example:
(fancyhdr)                \setlength{\headheight}{14.49998pt}.
(fancyhdr)                You might also make \topmargin smaller:
(fancyhdr)                \addtolength{\topmargin}{-2.49998pt}.

[12]

Package fancyhdr Warning: \headheight is too small (12.0pt): 
(fancyhdr)                Make it at least 14.49998pt, for example:
(fancyhdr)                \setlength{\headheight}{14.49998pt}.
(fancyhdr)                You might also make \topmargin smaller:
(fancyhdr)                \addtolength{\topmargin}{-2.49998pt}.

[13]
Overfull \hbox (2.55156pt too wide) in paragraph at lines 641--641
|[]\T1/lmr/bx/n/14.4 Comparative anal-y-sis ta-ble of the dif-fer-ent ride-hail
ing plat-
 []


Overfull \hbox (1.82832pt too wide) in paragraph at lines 726--726
[]\T1/lmr/bx/n/12 Feature 
 []


Overfull \hbox (1.64897pt too wide) in paragraph at lines 726--726
[]\T1/lmr/bx/n/12 Transport
 []


Underfull \hbox (badness 10000) in paragraph at lines 726--726
[]\T1/lmr/bx/n/12 Booking
 []


Underfull \hbox (badness 10000) in paragraph at lines 726--726
[]\T1/lmr/bx/n/12 Route
 []


Underfull \hbox (badness 10000) in paragraph at lines 726--726
[]\T1/lmr/bx/n/12 Seat
 []


Underfull \hbox (badness 10000) in paragraph at lines 726--726
\T1/lmr/bx/n/12 man-age-
 []


Underfull \hbox (badness 10000) in paragraph at lines 726--726
[]\T1/lmr/bx/n/12 Operational
 []


Underfull \hbox (badness 10000) in paragraph at lines 726--726
\T1/lmr/bx/n/12 co-or-di-na-
 []


Underfull \hbox (badness 10000) in paragraph at lines 726--726
[]\T1/lmr/bx/n/12 Pricing
 []


Underfull \hbox (badness 10000) in paragraph at lines 726--726
[]\T1/lmr/bx/n/12 Courier
 []


Underfull \hbox (badness 10000) in paragraph at lines 726--726
\T1/lmr/bx/n/12 in-te-gra-
 []


Underfull \hbox (badness 10000) in paragraph at lines 726--726
[]\T1/lmr/m/n/12 Fixed-
 []


Underfull \hbox (badness 10000) in paragraph at lines 726--726
\T1/lmr/m/n/12 route
 []


Underfull \hbox (badness 10000) in paragraph at lines 726--726
\T1/lmr/m/n/12 pri-vate
 []


Overfull \hbox (6.73666pt too wide) in paragraph at lines 726--726
[]\T1/lmr/m/n/12 Independent
 []


Underfull \hbox (badness 10000) in paragraph at lines 726--726
[]\T1/lmr/m/n/12 Fixed in-ter-
 []


Underfull \hbox (badness 10000) in paragraph at lines 726--726
\T1/lmr/m/n/12 city routes
 []


Underfull \hbox (badness 10000) in paragraph at lines 726--726
\T1/lmr/m/n/12 (e.g., Kam-
 []


Underfull \hbox (badness 10000) in paragraph at lines 726--726
[]\T1/lmr/m/n/12 Real-time
 []


Underfull \hbox (badness 10000) in paragraph at lines 726--726
\T1/lmr/m/n/12 seat al-lo-
 []


Underfull \hbox (badness 10000) in paragraph at lines 726--726
[]\T1/lmr/m/n/12 Operator-
 []


Underfull \hbox (badness 10000) in paragraph at lines 726--726
\T1/lmr/m/n/12 level shut-tle
 []


Underfull \hbox (badness 10000) in paragraph at lines 726--726
[]\T1/lmr/m/n/12 Fixed
 []


Underfull \hbox (badness 10000) in paragraph at lines 726--726
\T1/lmr/m/n/12 fare per
 []


Underfull \hbox (badness 6978) in paragraph at lines 726--726
\T1/lmr/m/n/12 seat and
 []


Underfull \hbox (badness 10000) in paragraph at lines 726--726
\T1/lmr/m/n/12 courier
 []


Underfull \hbox (badness 1466) in paragraph at lines 726--726
[]\T1/lmr/m/n/12 Fully in-
 []


Underfull \hbox (badness 10000) in paragraph at lines 726--726
\T1/lmr/m/n/12 te-grated
 []


Underfull \hbox (badness 10000) in paragraph at lines 726--726
\T1/lmr/m/n/12 pas-sen-
 []


Underfull \hbox (badness 10000) in paragraph at lines 726--726
\T1/lmr/m/n/12 ger and
 []


Underfull \hbox (badness 10000) in paragraph at lines 726--726
\T1/lmr/m/n/12 par-cel
 []


Underfull \hbox (badness 10000) in paragraph at lines 726--726
[]\T1/lmr/m/n/12 Point-
 []


Underfull \hbox (badness 10000) in paragraph at lines 726--726
\T1/lmr/m/n/12 to-point
 []


Underfull \hbox (badness 10000) in paragraph at lines 726--726
\T1/lmr/m/n/12 rides or
 []


Underfull \hbox (badness 10000) in paragraph at lines 726--726
\T1/lmr/m/n/12 nav-i-ga-tion
 []


Underfull \hbox (badness 10000) in paragraph at lines 726--726
\T1/lmr/m/n/12 or trip
 []


Underfull \hbox (badness 10000) in paragraph at lines 726--726
\T1/lmr/m/n/12 plan-ning
 []


Underfull \hbox (badness 10000) in paragraph at lines 726--726
[]\T1/lmr/m/n/12 Dynamic or
 []


Underfull \hbox (badness 10000) in paragraph at lines 726--726
[]\T1/lmr/m/n/12 Not ex-
 []


Underfull \hbox (badness 10000) in paragraph at lines 726--726
\T1/lmr/m/n/12 posed to
 []


Underfull \hbox (badness 10000) in paragraph at lines 726--726
[]\T1/lmr/m/n/12 Driver-
 []


Underfull \hbox (badness 10000) in paragraph at lines 726--726
\T1/lmr/m/n/12 passenger
 []


Underfull \hbox (badness 10000) in paragraph at lines 726--726
\T1/lmr/m/n/12 match-ing
 []


Underfull \hbox (badness 10000) in paragraph at lines 726--726
\T1/lmr/m/n/12 or route
 []


Underfull \hbox (badness 10000) in paragraph at lines 726--726
[]\T1/lmr/m/n/12 Dynamic
 []


Underfull \hbox (badness 10000) in paragraph at lines 726--726
\T1/lmr/m/n/12 or
 []


Underfull \hbox (badness 10000) in paragraph at lines 726--726
\T1/lmr/m/n/12 distance-
 []


Underfull \hbox (badness 10000) in paragraph at lines 726--726
[]\T1/lmr/m/n/12 Separate
 []


Underfull \hbox (badness 10000) in paragraph at lines 726--726
\T1/lmr/m/n/12 or lim-
 []


Overfull \hbox (3.99478pt too wide) in paragraph at lines 726--726
[]\T1/lmr/m/n/12 Safeboda 
 []


Underfull \hbox (badness 10000) in paragraph at lines 726--726
[]\T1/lmr/m/n/12 Point-
 []


Underfull \hbox (badness 10000) in paragraph at lines 726--726
\T1/lmr/m/n/12 to-point
 []


Underfull \hbox (badness 10000) in paragraph at lines 726--726
\T1/lmr/m/n/12 rides or
 []


Underfull \hbox (badness 10000) in paragraph at lines 726--726
\T1/lmr/m/n/12 nav-i-ga-tion
 []


Underfull \hbox (badness 10000) in paragraph at lines 726--726
\T1/lmr/m/n/12 or trip
 []


Underfull \hbox (badness 10000) in paragraph at lines 726--726
\T1/lmr/m/n/12 plan-ning
 []


Underfull \hbox (badness 10000) in paragraph at lines 726--726
[]\T1/lmr/m/n/12 Dynamic or
 []


Underfull \hbox (badness 10000) in paragraph at lines 726--726
[]\T1/lmr/m/n/12 Not ex-
 []


Underfull \hbox (badness 10000) in paragraph at lines 726--726
\T1/lmr/m/n/12 posed to
 []


Underfull \hbox (badness 10000) in paragraph at lines 726--726
[]\T1/lmr/m/n/12 Driver-
 []


Underfull \hbox (badness 10000) in paragraph at lines 726--726
\T1/lmr/m/n/12 passenger
 []


Underfull \hbox (badness 10000) in paragraph at lines 726--726
\T1/lmr/m/n/12 match-ing
 []


Underfull \hbox (badness 10000) in paragraph at lines 726--726
\T1/lmr/m/n/12 or route
 []


Underfull \hbox (badness 10000) in paragraph at lines 726--726
[]\T1/lmr/m/n/12 Dynamic
 []


Underfull \hbox (badness 10000) in paragraph at lines 726--726
\T1/lmr/m/n/12 or
 []


Underfull \hbox (badness 10000) in paragraph at lines 726--726
\T1/lmr/m/n/12 distance-
 []


Underfull \hbox (badness 10000) in paragraph at lines 726--726
[]\T1/lmr/m/n/12 Separate
 []


Underfull \hbox (badness 10000) in paragraph at lines 726--726
\T1/lmr/m/n/12 or lim-
 []


Underfull \hbox (badness 10000) in paragraph at lines 726--726
[]\T1/lmr/m/n/12 Taxify
 []


Underfull \hbox (badness 10000) in paragraph at lines 726--726
[]\T1/lmr/m/n/12 Point-
 []


Underfull \hbox (badness 10000) in paragraph at lines 726--726
\T1/lmr/m/n/12 to-point
 []


Underfull \hbox (badness 10000) in paragraph at lines 726--726
\T1/lmr/m/n/12 rides or
 []


Underfull \hbox (badness 10000) in paragraph at lines 726--726
\T1/lmr/m/n/12 nav-i-ga-tion
 []


Underfull \hbox (badness 10000) in paragraph at lines 726--726
\T1/lmr/m/n/12 or trip
 []


Underfull \hbox (badness 10000) in paragraph at lines 726--726
\T1/lmr/m/n/12 plan-ning
 []


Underfull \hbox (badness 10000) in paragraph at lines 726--726
[]\T1/lmr/m/n/12 Dynamic or
 []


Underfull \hbox (badness 10000) in paragraph at lines 726--726
[]\T1/lmr/m/n/12 Not ex-
 []


Underfull \hbox (badness 10000) in paragraph at lines 726--726
\T1/lmr/m/n/12 posed to
 []


Underfull \hbox (badness 10000) in paragraph at lines 726--726
[]\T1/lmr/m/n/12 Driver-
 []


Underfull \hbox (badness 10000) in paragraph at lines 726--726
\T1/lmr/m/n/12 passenger
 []


Underfull \hbox (badness 10000) in paragraph at lines 726--726
\T1/lmr/m/n/12 match-ing
 []


Underfull \hbox (badness 10000) in paragraph at lines 726--726
\T1/lmr/m/n/12 or route
 []


Underfull \hbox (badness 10000) in paragraph at lines 726--726
[]\T1/lmr/m/n/12 Dynamic
 []


Underfull \hbox (badness 10000) in paragraph at lines 726--726
\T1/lmr/m/n/12 or
 []


Underfull \hbox (badness 10000) in paragraph at lines 726--726
\T1/lmr/m/n/12 distance-
 []


Underfull \hbox (badness 10000) in paragraph at lines 726--726
[]\T1/lmr/m/n/12 Separate
 []


Underfull \hbox (badness 10000) in paragraph at lines 726--726
\T1/lmr/m/n/12 or lim-
 []


Underfull \hbox (badness 10000) in paragraph at lines 726--726
[]\T1/lmr/m/n/12 Point-
 []


Underfull \hbox (badness 10000) in paragraph at lines 726--726
\T1/lmr/m/n/12 to-point
 []


Underfull \hbox (badness 10000) in paragraph at lines 726--726
\T1/lmr/m/n/12 rides or
 []


Underfull \hbox (badness 10000) in paragraph at lines 726--726
\T1/lmr/m/n/12 nav-i-ga-tion
 []


Underfull \hbox (badness 10000) in paragraph at lines 726--726
\T1/lmr/m/n/12 or trip
 []


Underfull \hbox (badness 10000) in paragraph at lines 726--726
\T1/lmr/m/n/12 plan-ning
 []


Underfull \hbox (badness 10000) in paragraph at lines 726--726
[]\T1/lmr/m/n/12 Dynamic or
 []


Underfull \hbox (badness 10000) in paragraph at lines 726--726
[]\T1/lmr/m/n/12 Not ex-
 []


Underfull \hbox (badness 10000) in paragraph at lines 726--726
\T1/lmr/m/n/12 posed to
 []


Underfull \hbox (badness 10000) in paragraph at lines 726--726
[]\T1/lmr/m/n/12 Driver- pas-
 []


Underfull \hbox (badness 1881) in paragraph at lines 726--726
\T1/lmr/m/n/12 ing or route
 []


Underfull \hbox (badness 10000) in paragraph at lines 726--726
[]\T1/lmr/m/n/12 Dynamic
 []


Underfull \hbox (badness 10000) in paragraph at lines 726--726
\T1/lmr/m/n/12 or
 []


Underfull \hbox (badness 10000) in paragraph at lines 726--726
\T1/lmr/m/n/12 distance-
 []


Underfull \hbox (badness 10000) in paragraph at lines 726--726
[]\T1/lmr/m/n/12 Separate
 []


Underfull \hbox (badness 10000) in paragraph at lines 726--726
\T1/lmr/m/n/12 or lim-
 []


Underfull \hbox (badness 10000) in paragraph at lines 726--726
[]\T1/lmr/m/n/12 Point-
 []


Underfull \hbox (badness 10000) in paragraph at lines 726--726
\T1/lmr/m/n/12 to-point
 []


Underfull \hbox (badness 10000) in paragraph at lines 726--726
\T1/lmr/m/n/12 rides or
 []


Underfull \hbox (badness 10000) in paragraph at lines 726--726
\T1/lmr/m/n/12 nav-i-ga-tion
 []


Underfull \hbox (badness 10000) in paragraph at lines 726--726
\T1/lmr/m/n/12 or trip
 []


Underfull \hbox (badness 10000) in paragraph at lines 726--726
\T1/lmr/m/n/12 plan-ning
 []


Underfull \hbox (badness 10000) in paragraph at lines 726--726
[]\T1/lmr/m/n/12 Dynamic or
 []


Underfull \hbox (badness 10000) in paragraph at lines 726--726
[]\T1/lmr/m/n/12 Not ex-
 []


Underfull \hbox (badness 10000) in paragraph at lines 726--726
\T1/lmr/m/n/12 posed to
 []


Underfull \hbox (badness 10000) in paragraph at lines 726--726
[]\T1/lmr/m/n/12 Driver-
 []


Underfull \hbox (badness 10000) in paragraph at lines 726--726
\T1/lmr/m/n/12 passenger
 []


Underfull \hbox (badness 10000) in paragraph at lines 726--726
\T1/lmr/m/n/12 match-ing
 []


Underfull \hbox (badness 10000) in paragraph at lines 726--726
\T1/lmr/m/n/12 or route
 []


Underfull \hbox (badness 10000) in paragraph at lines 726--726
[]\T1/lmr/m/n/12 Dynamic
 []


Underfull \hbox (badness 10000) in paragraph at lines 726--726
\T1/lmr/m/n/12 or
 []


Underfull \hbox (badness 10000) in paragraph at lines 726--726
\T1/lmr/m/n/12 distance-
 []


Underfull \hbox (badness 10000) in paragraph at lines 726--726
[]\T1/lmr/m/n/12 Separate
 []


Underfull \hbox (badness 10000) in paragraph at lines 726--726
\T1/lmr/m/n/12 or lim-
 []


Underfull \hbox (badness 10000) in paragraph at lines 726--726
[]\T1/lmr/m/n/12 Transit
 []


Underfull \hbox (badness 10000) in paragraph at lines 726--726
[]\T1/lmr/m/n/12 Point-
 []


Underfull \hbox (badness 10000) in paragraph at lines 726--726
\T1/lmr/m/n/12 to-point
 []


Underfull \hbox (badness 10000) in paragraph at lines 726--726
\T1/lmr/m/n/12 rides or
 []


Underfull \hbox (badness 10000) in paragraph at lines 726--726
\T1/lmr/m/n/12 nav-i-ga-tion
 []


Underfull \hbox (badness 10000) in paragraph at lines 726--726
\T1/lmr/m/n/12 or trip
 []


Underfull \hbox (badness 10000) in paragraph at lines 726--726
\T1/lmr/m/n/12 plan-ning
 []


Underfull \hbox (badness 10000) in paragraph at lines 726--726
[]\T1/lmr/m/n/12 Dynamic or
 []


Underfull \hbox (badness 10000) in paragraph at lines 726--726
[]\T1/lmr/m/n/12 Not ex-
 []


Underfull \hbox (badness 10000) in paragraph at lines 726--726
\T1/lmr/m/n/12 posed to
 []


Underfull \hbox (badness 10000) in paragraph at lines 726--726
[]\T1/lmr/m/n/12 Driver-
 []


Underfull \hbox (badness 10000) in paragraph at lines 726--726
\T1/lmr/m/n/12 passenger
 []


Underfull \hbox (badness 10000) in paragraph at lines 726--726
\T1/lmr/m/n/12 match-ing
 []


Underfull \hbox (badness 10000) in paragraph at lines 726--726
\T1/lmr/m/n/12 or route
 []


Underfull \hbox (badness 10000) in paragraph at lines 726--726
[]\T1/lmr/m/n/12 Dynamic
 []


Underfull \hbox (badness 10000) in paragraph at lines 726--726
\T1/lmr/m/n/12 or
 []


Underfull \hbox (badness 10000) in paragraph at lines 726--726
\T1/lmr/m/n/12 distance-
 []


Underfull \hbox (badness 10000) in paragraph at lines 726--726
[]\T1/lmr/m/n/12 Separate
 []


Underfull \hbox (badness 10000) in paragraph at lines 726--726
\T1/lmr/m/n/12 or lim-
 []


Underfull \hbox (badness 10000) in paragraph at lines 726--726
[]\T1/lmr/m/n/12 Shared
 []


Underfull \hbox (badness 10000) in paragraph at lines 726--726
\T1/lmr/m/n/12 mass
 []


Underfull \hbox (badness 10000) in paragraph at lines 726--726
\T1/lmr/m/n/12 tran-sit
 []


Underfull \hbox (badness 10000) in paragraph at lines 726--726
\T1/lmr/m/n/12 (bus-like
 []


Underfull \hbox (badness 10000) in paragraph at lines 726--726
[]\T1/lmr/m/n/12 Grouped
 []


Underfull \hbox (badness 10000) in paragraph at lines 726--726
\T1/lmr/m/n/12 or shared
 []


Underfull \hbox (badness 10000) in paragraph at lines 726--726
\T1/lmr/m/n/12 ride
 []


Underfull \hbox (badness 10000) in paragraph at lines 726--726
\T1/lmr/m/n/12 match-
 []


Underfull \hbox (badness 10000) in paragraph at lines 726--726
[]\T1/lmr/m/n/12 Algorithm-
 []


Underfull \hbox (badness 3657) in paragraph at lines 726--726
\T1/lmr/m/n/12 optimized or
 []


Underfull \hbox (badness 10000) in paragraph at lines 726--726
[]\T1/lmr/m/n/12 Limited
 []


Underfull \hbox (badness 10000) in paragraph at lines 726--726
\T1/lmr/m/n/12 group-ing,
 []


Underfull \hbox (badness 10000) in paragraph at lines 726--726
\T1/lmr/m/n/12 not seat-
 []


Underfull \hbox (badness 10000) in paragraph at lines 726--726
\T1/lmr/m/n/12 by-seat
 []


Underfull \hbox (badness 10000) in paragraph at lines 726--726
[]\T1/lmr/m/n/12 System-level
 []


Underfull \hbox (badness 10000) in paragraph at lines 726--726
\T1/lmr/m/n/12 fleet op-ti-
 []


Underfull \hbox (badness 10000) in paragraph at lines 726--726
[]\T1/lmr/m/n/12 Variable
 []


Underfull \hbox (badness 1067) in paragraph at lines 726--726
[]\T1/lmr/m/n/12 Not core
 []


Underfull \hbox (badness 10000) in paragraph at lines 726--726
\T1/lmr/m/n/12 func-tion-
 []


Underfull \hbox (badness 10000) in paragraph at lines 726--726
[]\T1/lmr/m/n/12 Shared
 []


Underfull \hbox (badness 10000) in paragraph at lines 726--726
\T1/lmr/m/n/12 mass
 []


Underfull \hbox (badness 10000) in paragraph at lines 726--726
\T1/lmr/m/n/12 tran-sit
 []


Underfull \hbox (badness 10000) in paragraph at lines 726--726
\T1/lmr/m/n/12 (bus-like
 []


Underfull \hbox (badness 10000) in paragraph at lines 726--726
[]\T1/lmr/m/n/12 Grouped
 []


Underfull \hbox (badness 10000) in paragraph at lines 726--726
\T1/lmr/m/n/12 or shared
 []


Underfull \hbox (badness 10000) in paragraph at lines 726--726
\T1/lmr/m/n/12 ride
 []


Underfull \hbox (badness 10000) in paragraph at lines 726--726
\T1/lmr/m/n/12 match-
 []


Underfull \hbox (badness 10000) in paragraph at lines 726--726
[]\T1/lmr/m/n/12 Algorithm-
 []


Underfull \hbox (badness 3657) in paragraph at lines 726--726
\T1/lmr/m/n/12 optimized or
 []


Underfull \hbox (badness 10000) in paragraph at lines 726--726
[]\T1/lmr/m/n/12 Limited
 []


Underfull \hbox (badness 10000) in paragraph at lines 726--726
\T1/lmr/m/n/12 group-ing,
 []


Underfull \hbox (badness 10000) in paragraph at lines 726--726
\T1/lmr/m/n/12 not seat-
 []


Underfull \hbox (badness 10000) in paragraph at lines 726--726
\T1/lmr/m/n/12 by-seat
 []


Underfull \hbox (badness 10000) in paragraph at lines 726--726
[]\T1/lmr/m/n/12 System-level
 []


Underfull \hbox (badness 10000) in paragraph at lines 726--726
\T1/lmr/m/n/12 fleet op-ti-
 []


Underfull \hbox (badness 10000) in paragraph at lines 726--726
[]\T1/lmr/m/n/12 Variable
 []


Underfull \hbox (badness 1067) in paragraph at lines 726--726
[]\T1/lmr/m/n/12 Not core
 []


Underfull \hbox (badness 10000) in paragraph at lines 726--726
\T1/lmr/m/n/12 func-tion-
 []


Underfull \hbox (badness 10000) in paragraph at lines 726--726
[]\T1/lmr/m/n/12 Point-
 []


Underfull \hbox (badness 10000) in paragraph at lines 726--726
\T1/lmr/m/n/12 to-point
 []


Underfull \hbox (badness 10000) in paragraph at lines 726--726
\T1/lmr/m/n/12 rides or
 []


Underfull \hbox (badness 10000) in paragraph at lines 726--726
\T1/lmr/m/n/12 nav-i-ga-tion
 []


Underfull \hbox (badness 10000) in paragraph at lines 726--726
\T1/lmr/m/n/12 or trip
 []


Underfull \hbox (badness 10000) in paragraph at lines 726--726
\T1/lmr/m/n/12 plan-ning
 []


Underfull \hbox (badness 10000) in paragraph at lines 726--726
[]\T1/lmr/m/n/12 Dynamic or
 []


Underfull \hbox (badness 10000) in paragraph at lines 726--726
[]\T1/lmr/m/n/12 Not ex-
 []


Underfull \hbox (badness 10000) in paragraph at lines 726--726
\T1/lmr/m/n/12 posed to
 []


Underfull \hbox (badness 10000) in paragraph at lines 726--726
[]\T1/lmr/m/n/12 Driver-
 []


Underfull \hbox (badness 10000) in paragraph at lines 726--726
\T1/lmr/m/n/12 passenger
 []


Underfull \hbox (badness 10000) in paragraph at lines 726--726
\T1/lmr/m/n/12 match-ing
 []


Underfull \hbox (badness 10000) in paragraph at lines 726--726
\T1/lmr/m/n/12 or route
 []


Underfull \hbox (badness 10000) in paragraph at lines 726--726
[]\T1/lmr/m/n/12 Dynamic
 []


Underfull \hbox (badness 10000) in paragraph at lines 726--726
\T1/lmr/m/n/12 or
 []


Underfull \hbox (badness 10000) in paragraph at lines 726--726
\T1/lmr/m/n/12 distance-
 []


Underfull \hbox (badness 10000) in paragraph at lines 726--726
[]\T1/lmr/m/n/12 Separate
 []


Underfull \hbox (badness 10000) in paragraph at lines 726--726
\T1/lmr/m/n/12 or lim-
 []


Overfull \hbox (1.82832pt too wide) in paragraph at lines 726--726
[]\T1/lmr/bx/n/12 Feature 
 []


Overfull \hbox (1.64897pt too wide) in paragraph at lines 726--726
[]\T1/lmr/bx/n/12 Transport
 []


Underfull \hbox (badness 10000) in paragraph at lines 726--726
[]\T1/lmr/bx/n/12 Booking
 []


Underfull \hbox (badness 10000) in paragraph at lines 726--726
[]\T1/lmr/bx/n/12 Route
 []


Underfull \hbox (badness 10000) in paragraph at lines 726--726
[]\T1/lmr/bx/n/12 Seat
 []


Underfull \hbox (badness 10000) in paragraph at lines 726--726
\T1/lmr/bx/n/12 man-age-
 []


Underfull \hbox (badness 10000) in paragraph at lines 726--726
[]\T1/lmr/bx/n/12 Operational
 []


Underfull \hbox (badness 10000) in paragraph at lines 726--726
\T1/lmr/bx/n/12 co-or-di-na-
 []


Underfull \hbox (badness 10000) in paragraph at lines 726--726
[]\T1/lmr/bx/n/12 Pricing
 []


Underfull \hbox (badness 10000) in paragraph at lines 726--726
[]\T1/lmr/bx/n/12 Courier
 []


Underfull \hbox (badness 10000) in paragraph at lines 726--726
\T1/lmr/bx/n/12 in-te-gra-
 []


Package fancyhdr Warning: \headheight is too small (12.0pt): 
(fancyhdr)                Make it at least 14.49998pt, for example:
(fancyhdr)                \setlength{\headheight}{14.49998pt}.
(fancyhdr)                You might also make \topmargin smaller:
(fancyhdr)                \addtolength{\topmargin}{-2.49998pt}.

[14]
Underfull \hbox (badness 10000) in paragraph at lines 726--726
[]\T1/lmr/m/n/12 Fixed-
 []


Underfull \hbox (badness 10000) in paragraph at lines 726--726
\T1/lmr/m/n/12 route
 []


Underfull \hbox (badness 10000) in paragraph at lines 726--726
\T1/lmr/m/n/12 pri-vate
 []


Overfull \hbox (6.73666pt too wide) in paragraph at lines 726--726
[]\T1/lmr/m/n/12 Independent
 []


Underfull \hbox (badness 10000) in paragraph at lines 726--726
[]\T1/lmr/m/n/12 Fixed in-ter-
 []


Underfull \hbox (badness 10000) in paragraph at lines 726--726
\T1/lmr/m/n/12 city routes
 []


Underfull \hbox (badness 10000) in paragraph at lines 726--726
\T1/lmr/m/n/12 (e.g., Kam-
 []


Underfull \hbox (badness 10000) in paragraph at lines 726--726
[]\T1/lmr/m/n/12 Real-time
 []


Underfull \hbox (badness 10000) in paragraph at lines 726--726
\T1/lmr/m/n/12 seat al-lo-
 []


Underfull \hbox (badness 10000) in paragraph at lines 726--726
[]\T1/lmr/m/n/12 Operator-
 []


Underfull \hbox (badness 10000) in paragraph at lines 726--726
\T1/lmr/m/n/12 level shut-tle
 []


Underfull \hbox (badness 10000) in paragraph at lines 726--726
[]\T1/lmr/m/n/12 Fixed
 []


Underfull \hbox (badness 10000) in paragraph at lines 726--726
\T1/lmr/m/n/12 fare per
 []


Underfull \hbox (badness 6978) in paragraph at lines 726--726
\T1/lmr/m/n/12 seat and
 []


Underfull \hbox (badness 10000) in paragraph at lines 726--726
\T1/lmr/m/n/12 courier
 []


Underfull \hbox (badness 1466) in paragraph at lines 726--726
[]\T1/lmr/m/n/12 Fully in-
 []


Underfull \hbox (badness 10000) in paragraph at lines 726--726
\T1/lmr/m/n/12 te-grated
 []


Underfull \hbox (badness 10000) in paragraph at lines 726--726
\T1/lmr/m/n/12 pas-sen-
 []


Underfull \hbox (badness 10000) in paragraph at lines 726--726
\T1/lmr/m/n/12 ger and
 []


Underfull \hbox (badness 10000) in paragraph at lines 726--726
\T1/lmr/m/n/12 par-cel
 []


Underfull \hbox (badness 10000) in paragraph at lines 726--726
[]\T1/lmr/m/n/12 Point-
 []


Underfull \hbox (badness 10000) in paragraph at lines 726--726
\T1/lmr/m/n/12 to-point
 []


Underfull \hbox (badness 10000) in paragraph at lines 726--726
\T1/lmr/m/n/12 rides or
 []


Underfull \hbox (badness 10000) in paragraph at lines 726--726
\T1/lmr/m/n/12 nav-i-ga-tion
 []


Underfull \hbox (badness 10000) in paragraph at lines 726--726
\T1/lmr/m/n/12 or trip
 []


Underfull \hbox (badness 10000) in paragraph at lines 726--726
\T1/lmr/m/n/12 plan-ning
 []


Underfull \hbox (badness 10000) in paragraph at lines 726--726
[]\T1/lmr/m/n/12 Dynamic or
 []


Underfull \hbox (badness 10000) in paragraph at lines 726--726
[]\T1/lmr/m/n/12 Not ex-
 []


Underfull \hbox (badness 10000) in paragraph at lines 726--726
\T1/lmr/m/n/12 posed to
 []


Underfull \hbox (badness 10000) in paragraph at lines 726--726
[]\T1/lmr/m/n/12 Driver-
 []


Underfull \hbox (badness 10000) in paragraph at lines 726--726
\T1/lmr/m/n/12 passenger
 []


Underfull \hbox (badness 10000) in paragraph at lines 726--726
\T1/lmr/m/n/12 match-ing
 []


Underfull \hbox (badness 10000) in paragraph at lines 726--726
\T1/lmr/m/n/12 or route
 []


Underfull \hbox (badness 10000) in paragraph at lines 726--726
[]\T1/lmr/m/n/12 Dynamic
 []


Underfull \hbox (badness 10000) in paragraph at lines 726--726
\T1/lmr/m/n/12 or
 []


Underfull \hbox (badness 10000) in paragraph at lines 726--726
\T1/lmr/m/n/12 distance-
 []


Underfull \hbox (badness 10000) in paragraph at lines 726--726
[]\T1/lmr/m/n/12 Separate
 []


Underfull \hbox (badness 10000) in paragraph at lines 726--726
\T1/lmr/m/n/12 or lim-
 []


Overfull \hbox (3.99478pt too wide) in paragraph at lines 726--726
[]\T1/lmr/m/n/12 Safeboda 
 []


Underfull \hbox (badness 10000) in paragraph at lines 726--726
[]\T1/lmr/m/n/12 Point-
 []


Underfull \hbox (badness 10000) in paragraph at lines 726--726
\T1/lmr/m/n/12 to-point
 []


Underfull \hbox (badness 10000) in paragraph at lines 726--726
\T1/lmr/m/n/12 rides or
 []


Underfull \hbox (badness 10000) in paragraph at lines 726--726
\T1/lmr/m/n/12 nav-i-ga-tion
 []


Underfull \hbox (badness 10000) in paragraph at lines 726--726
\T1/lmr/m/n/12 or trip
 []


Underfull \hbox (badness 10000) in paragraph at lines 726--726
\T1/lmr/m/n/12 plan-ning
 []


Underfull \hbox (badness 10000) in paragraph at lines 726--726
[]\T1/lmr/m/n/12 Dynamic or
 []


Underfull \hbox (badness 10000) in paragraph at lines 726--726
[]\T1/lmr/m/n/12 Not ex-
 []


Underfull \hbox (badness 10000) in paragraph at lines 726--726
\T1/lmr/m/n/12 posed to
 []


Underfull \hbox (badness 10000) in paragraph at lines 726--726
[]\T1/lmr/m/n/12 Driver-
 []


Underfull \hbox (badness 10000) in paragraph at lines 726--726
\T1/lmr/m/n/12 passenger
 []


Underfull \hbox (badness 10000) in paragraph at lines 726--726
\T1/lmr/m/n/12 match-ing
 []


Underfull \hbox (badness 10000) in paragraph at lines 726--726
\T1/lmr/m/n/12 or route
 []


Underfull \hbox (badness 10000) in paragraph at lines 726--726
[]\T1/lmr/m/n/12 Dynamic
 []


Underfull \hbox (badness 10000) in paragraph at lines 726--726
\T1/lmr/m/n/12 or
 []


Underfull \hbox (badness 10000) in paragraph at lines 726--726
\T1/lmr/m/n/12 distance-
 []


Underfull \hbox (badness 10000) in paragraph at lines 726--726
[]\T1/lmr/m/n/12 Separate
 []


Underfull \hbox (badness 10000) in paragraph at lines 726--726
\T1/lmr/m/n/12 or lim-
 []


Underfull \hbox (badness 10000) in paragraph at lines 726--726
[]\T1/lmr/m/n/12 Taxify
 []


Underfull \hbox (badness 10000) in paragraph at lines 726--726
[]\T1/lmr/m/n/12 Point-
 []


Underfull \hbox (badness 10000) in paragraph at lines 726--726
\T1/lmr/m/n/12 to-point
 []


Underfull \hbox (badness 10000) in paragraph at lines 726--726
\T1/lmr/m/n/12 rides or
 []


Underfull \hbox (badness 10000) in paragraph at lines 726--726
\T1/lmr/m/n/12 nav-i-ga-tion
 []


Underfull \hbox (badness 10000) in paragraph at lines 726--726
\T1/lmr/m/n/12 or trip
 []


Underfull \hbox (badness 10000) in paragraph at lines 726--726
\T1/lmr/m/n/12 plan-ning
 []


Underfull \hbox (badness 10000) in paragraph at lines 726--726
[]\T1/lmr/m/n/12 Dynamic or
 []


Underfull \hbox (badness 10000) in paragraph at lines 726--726
[]\T1/lmr/m/n/12 Not ex-
 []


Underfull \hbox (badness 10000) in paragraph at lines 726--726
\T1/lmr/m/n/12 posed to
 []


Underfull \hbox (badness 10000) in paragraph at lines 726--726
[]\T1/lmr/m/n/12 Driver-
 []


Underfull \hbox (badness 10000) in paragraph at lines 726--726
\T1/lmr/m/n/12 passenger
 []


Underfull \hbox (badness 10000) in paragraph at lines 726--726
\T1/lmr/m/n/12 match-ing
 []


Underfull \hbox (badness 10000) in paragraph at lines 726--726
\T1/lmr/m/n/12 or route
 []


Underfull \hbox (badness 10000) in paragraph at lines 726--726
[]\T1/lmr/m/n/12 Dynamic
 []


Underfull \hbox (badness 10000) in paragraph at lines 726--726
\T1/lmr/m/n/12 or
 []


Underfull \hbox (badness 10000) in paragraph at lines 726--726
\T1/lmr/m/n/12 distance-
 []


Underfull \hbox (badness 10000) in paragraph at lines 726--726
[]\T1/lmr/m/n/12 Separate
 []


Underfull \hbox (badness 10000) in paragraph at lines 726--726
\T1/lmr/m/n/12 or lim-
 []


Underfull \hbox (badness 10000) in paragraph at lines 726--726
[]\T1/lmr/m/n/12 Point-
 []


Underfull \hbox (badness 10000) in paragraph at lines 726--726
\T1/lmr/m/n/12 to-point
 []


Underfull \hbox (badness 10000) in paragraph at lines 726--726
\T1/lmr/m/n/12 rides or
 []


Underfull \hbox (badness 10000) in paragraph at lines 726--726
\T1/lmr/m/n/12 nav-i-ga-tion
 []


Underfull \hbox (badness 10000) in paragraph at lines 726--726
\T1/lmr/m/n/12 or trip
 []


Underfull \hbox (badness 10000) in paragraph at lines 726--726
\T1/lmr/m/n/12 plan-ning
 []


Underfull \hbox (badness 10000) in paragraph at lines 726--726
[]\T1/lmr/m/n/12 Dynamic or
 []


Underfull \hbox (badness 10000) in paragraph at lines 726--726
[]\T1/lmr/m/n/12 Not ex-
 []


Underfull \hbox (badness 10000) in paragraph at lines 726--726
\T1/lmr/m/n/12 posed to
 []


Underfull \hbox (badness 10000) in paragraph at lines 726--726
[]\T1/lmr/m/n/12 Driver- pas-
 []


Underfull \hbox (badness 1881) in paragraph at lines 726--726
\T1/lmr/m/n/12 ing or route
 []


Underfull \hbox (badness 10000) in paragraph at lines 726--726
[]\T1/lmr/m/n/12 Dynamic
 []


Underfull \hbox (badness 10000) in paragraph at lines 726--726
\T1/lmr/m/n/12 or
 []


Underfull \hbox (badness 10000) in paragraph at lines 726--726
\T1/lmr/m/n/12 distance-
 []


Underfull \hbox (badness 10000) in paragraph at lines 726--726
[]\T1/lmr/m/n/12 Separate
 []


Underfull \hbox (badness 10000) in paragraph at lines 726--726
\T1/lmr/m/n/12 or lim-
 []


Underfull \hbox (badness 10000) in paragraph at lines 726--726
[]\T1/lmr/m/n/12 Point-
 []


Underfull \hbox (badness 10000) in paragraph at lines 726--726
\T1/lmr/m/n/12 to-point
 []


Underfull \hbox (badness 10000) in paragraph at lines 726--726
\T1/lmr/m/n/12 rides or
 []


Underfull \hbox (badness 10000) in paragraph at lines 726--726
\T1/lmr/m/n/12 nav-i-ga-tion
 []


Underfull \hbox (badness 10000) in paragraph at lines 726--726
\T1/lmr/m/n/12 or trip
 []


Underfull \hbox (badness 10000) in paragraph at lines 726--726
\T1/lmr/m/n/12 plan-ning
 []


Underfull \hbox (badness 10000) in paragraph at lines 726--726
[]\T1/lmr/m/n/12 Dynamic or
 []


Underfull \hbox (badness 10000) in paragraph at lines 726--726
[]\T1/lmr/m/n/12 Not ex-
 []


Underfull \hbox (badness 10000) in paragraph at lines 726--726
\T1/lmr/m/n/12 posed to
 []


Underfull \hbox (badness 10000) in paragraph at lines 726--726
[]\T1/lmr/m/n/12 Driver-
 []


Underfull \hbox (badness 10000) in paragraph at lines 726--726
\T1/lmr/m/n/12 passenger
 []


Underfull \hbox (badness 10000) in paragraph at lines 726--726
\T1/lmr/m/n/12 match-ing
 []


Underfull \hbox (badness 10000) in paragraph at lines 726--726
\T1/lmr/m/n/12 or route
 []


Underfull \hbox (badness 10000) in paragraph at lines 726--726
[]\T1/lmr/m/n/12 Dynamic
 []


Underfull \hbox (badness 10000) in paragraph at lines 726--726
\T1/lmr/m/n/12 or
 []


Underfull \hbox (badness 10000) in paragraph at lines 726--726
\T1/lmr/m/n/12 distance-
 []


Underfull \hbox (badness 10000) in paragraph at lines 726--726
[]\T1/lmr/m/n/12 Separate
 []


Underfull \hbox (badness 10000) in paragraph at lines 726--726
\T1/lmr/m/n/12 or lim-
 []


Underfull \hbox (badness 10000) in paragraph at lines 726--726
[]\T1/lmr/m/n/12 Transit
 []


Underfull \hbox (badness 10000) in paragraph at lines 726--726
[]\T1/lmr/m/n/12 Point-
 []


Underfull \hbox (badness 10000) in paragraph at lines 726--726
\T1/lmr/m/n/12 to-point
 []


Underfull \hbox (badness 10000) in paragraph at lines 726--726
\T1/lmr/m/n/12 rides or
 []


Underfull \hbox (badness 10000) in paragraph at lines 726--726
\T1/lmr/m/n/12 nav-i-ga-tion
 []


Underfull \hbox (badness 10000) in paragraph at lines 726--726
\T1/lmr/m/n/12 or trip
 []


Underfull \hbox (badness 10000) in paragraph at lines 726--726
\T1/lmr/m/n/12 plan-ning
 []


Underfull \hbox (badness 10000) in paragraph at lines 726--726
[]\T1/lmr/m/n/12 Dynamic or
 []


Underfull \hbox (badness 10000) in paragraph at lines 726--726
[]\T1/lmr/m/n/12 Not ex-
 []


Underfull \hbox (badness 10000) in paragraph at lines 726--726
\T1/lmr/m/n/12 posed to
 []


Underfull \hbox (badness 10000) in paragraph at lines 726--726
[]\T1/lmr/m/n/12 Driver-
 []


Underfull \hbox (badness 10000) in paragraph at lines 726--726
\T1/lmr/m/n/12 passenger
 []


Underfull \hbox (badness 10000) in paragraph at lines 726--726
\T1/lmr/m/n/12 match-ing
 []


Underfull \hbox (badness 10000) in paragraph at lines 726--726
\T1/lmr/m/n/12 or route
 []


Underfull \hbox (badness 10000) in paragraph at lines 726--726
[]\T1/lmr/m/n/12 Dynamic
 []


Underfull \hbox (badness 10000) in paragraph at lines 726--726
\T1/lmr/m/n/12 or
 []


Underfull \hbox (badness 10000) in paragraph at lines 726--726
\T1/lmr/m/n/12 distance-
 []


Underfull \hbox (badness 10000) in paragraph at lines 726--726
[]\T1/lmr/m/n/12 Separate
 []


Underfull \hbox (badness 10000) in paragraph at lines 726--726
\T1/lmr/m/n/12 or lim-
 []


Overfull \hbox (28.18346pt too wide) detected at line 726
 [] 
 []


Package fancyhdr Warning: \headheight is too small (12.0pt): 
(fancyhdr)                Make it at least 14.49998pt, for example:
(fancyhdr)                \setlength{\headheight}{14.49998pt}.
(fancyhdr)                You might also make \topmargin smaller:
(fancyhdr)                \addtolength{\topmargin}{-2.49998pt}.

[15]
Underfull \hbox (badness 10000) in paragraph at lines 726--726
[]\T1/lmr/m/n/12 Shared
 []


Underfull \hbox (badness 10000) in paragraph at lines 726--726
\T1/lmr/m/n/12 mass
 []


Underfull \hbox (badness 10000) in paragraph at lines 726--726
\T1/lmr/m/n/12 tran-sit
 []


Underfull \hbox (badness 10000) in paragraph at lines 726--726
\T1/lmr/m/n/12 (bus-like
 []


Underfull \hbox (badness 10000) in paragraph at lines 726--726
[]\T1/lmr/m/n/12 Grouped
 []


Underfull \hbox (badness 10000) in paragraph at lines 726--726
\T1/lmr/m/n/12 or shared
 []


Underfull \hbox (badness 10000) in paragraph at lines 726--726
\T1/lmr/m/n/12 ride
 []


Underfull \hbox (badness 10000) in paragraph at lines 726--726
\T1/lmr/m/n/12 match-
 []


Underfull \hbox (badness 10000) in paragraph at lines 726--726
[]\T1/lmr/m/n/12 Algorithm-
 []


Underfull \hbox (badness 3657) in paragraph at lines 726--726
\T1/lmr/m/n/12 optimized or
 []


Underfull \hbox (badness 10000) in paragraph at lines 726--726
[]\T1/lmr/m/n/12 Limited
 []


Underfull \hbox (badness 10000) in paragraph at lines 726--726
\T1/lmr/m/n/12 group-ing,
 []


Underfull \hbox (badness 10000) in paragraph at lines 726--726
\T1/lmr/m/n/12 not seat-
 []


Underfull \hbox (badness 10000) in paragraph at lines 726--726
\T1/lmr/m/n/12 by-seat
 []


Underfull \hbox (badness 10000) in paragraph at lines 726--726
[]\T1/lmr/m/n/12 System-level
 []


Underfull \hbox (badness 10000) in paragraph at lines 726--726
\T1/lmr/m/n/12 fleet op-ti-
 []


Underfull \hbox (badness 10000) in paragraph at lines 726--726
[]\T1/lmr/m/n/12 Variable
 []


Underfull \hbox (badness 1067) in paragraph at lines 726--726
[]\T1/lmr/m/n/12 Not core
 []


Underfull \hbox (badness 10000) in paragraph at lines 726--726
\T1/lmr/m/n/12 func-tion-
 []


Underfull \hbox (badness 10000) in paragraph at lines 726--726
[]\T1/lmr/m/n/12 Shared
 []


Underfull \hbox (badness 10000) in paragraph at lines 726--726
\T1/lmr/m/n/12 mass
 []


Underfull \hbox (badness 10000) in paragraph at lines 726--726
\T1/lmr/m/n/12 tran-sit
 []


Underfull \hbox (badness 10000) in paragraph at lines 726--726
\T1/lmr/m/n/12 (bus-like
 []


Underfull \hbox (badness 10000) in paragraph at lines 726--726
[]\T1/lmr/m/n/12 Grouped
 []


Underfull \hbox (badness 10000) in paragraph at lines 726--726
\T1/lmr/m/n/12 or shared
 []


Underfull \hbox (badness 10000) in paragraph at lines 726--726
\T1/lmr/m/n/12 ride
 []


Underfull \hbox (badness 10000) in paragraph at lines 726--726
\T1/lmr/m/n/12 match-
 []


Underfull \hbox (badness 10000) in paragraph at lines 726--726
[]\T1/lmr/m/n/12 Algorithm-
 []


Underfull \hbox (badness 3657) in paragraph at lines 726--726
\T1/lmr/m/n/12 optimized or
 []


Underfull \hbox (badness 10000) in paragraph at lines 726--726
[]\T1/lmr/m/n/12 Limited
 []


Underfull \hbox (badness 10000) in paragraph at lines 726--726
\T1/lmr/m/n/12 group-ing,
 []


Underfull \hbox (badness 10000) in paragraph at lines 726--726
\T1/lmr/m/n/12 not seat-
 []


Underfull \hbox (badness 10000) in paragraph at lines 726--726
\T1/lmr/m/n/12 by-seat
 []


Underfull \hbox (badness 10000) in paragraph at lines 726--726
[]\T1/lmr/m/n/12 System-level
 []


Underfull \hbox (badness 10000) in paragraph at lines 726--726
\T1/lmr/m/n/12 fleet op-ti-
 []


Underfull \hbox (badness 10000) in paragraph at lines 726--726
[]\T1/lmr/m/n/12 Variable
 []


Underfull \hbox (badness 1067) in paragraph at lines 726--726
[]\T1/lmr/m/n/12 Not core
 []


Underfull \hbox (badness 10000) in paragraph at lines 726--726
\T1/lmr/m/n/12 func-tion-
 []


Underfull \hbox (badness 10000) in paragraph at lines 726--726
[]\T1/lmr/m/n/12 Point-
 []


Underfull \hbox (badness 10000) in paragraph at lines 726--726
\T1/lmr/m/n/12 to-point
 []


Underfull \hbox (badness 10000) in paragraph at lines 726--726
\T1/lmr/m/n/12 rides or
 []


Underfull \hbox (badness 10000) in paragraph at lines 726--726
\T1/lmr/m/n/12 nav-i-ga-tion
 []


Underfull \hbox (badness 10000) in paragraph at lines 726--726
\T1/lmr/m/n/12 or trip
 []


Underfull \hbox (badness 10000) in paragraph at lines 726--726
\T1/lmr/m/n/12 plan-ning
 []


Underfull \hbox (badness 10000) in paragraph at lines 726--726
[]\T1/lmr/m/n/12 Dynamic or
 []


Underfull \hbox (badness 10000) in paragraph at lines 726--726
[]\T1/lmr/m/n/12 Not ex-
 []


Underfull \hbox (badness 10000) in paragraph at lines 726--726
\T1/lmr/m/n/12 posed to
 []


Underfull \hbox (badness 10000) in paragraph at lines 726--726
[]\T1/lmr/m/n/12 Driver-
 []


Underfull \hbox (badness 10000) in paragraph at lines 726--726
\T1/lmr/m/n/12 passenger
 []


Underfull \hbox (badness 10000) in paragraph at lines 726--726
\T1/lmr/m/n/12 match-ing
 []


Underfull \hbox (badness 10000) in paragraph at lines 726--726
\T1/lmr/m/n/12 or route
 []


Underfull \hbox (badness 10000) in paragraph at lines 726--726
[]\T1/lmr/m/n/12 Dynamic
 []


Underfull \hbox (badness 10000) in paragraph at lines 726--726
\T1/lmr/m/n/12 or
 []


Underfull \hbox (badness 10000) in paragraph at lines 726--726
\T1/lmr/m/n/12 distance-
 []


Underfull \hbox (badness 10000) in paragraph at lines 726--726
[]\T1/lmr/m/n/12 Separate
 []


Underfull \hbox (badness 10000) in paragraph at lines 726--726
\T1/lmr/m/n/12 or lim-
 []


Overfull \hbox (28.18346pt too wide) detected at line 726
 [] 
 []

) (chapters/methodology.tex

Package fancyhdr Warning: \headheight is too small (12.0pt): 
(fancyhdr)                Make it at least 14.49998pt, for example:
(fancyhdr)                \setlength{\headheight}{14.49998pt}.
(fancyhdr)                You might also make \topmargin smaller:
(fancyhdr)                \addtolength{\topmargin}{-2.49998pt}.

[16]
Chapter 3.
[17

]

Package fancyhdr Warning: \headheight is too small (12.0pt): 
(fancyhdr)                Make it at least 14.49998pt, for example:
(fancyhdr)                \setlength{\headheight}{14.49998pt}.
(fancyhdr)                You might also make \topmargin smaller:
(fancyhdr)                \addtolength{\topmargin}{-2.49998pt}.

[18]

Package fancyhdr Warning: \headheight is too small (12.0pt): 
(fancyhdr)                Make it at least 14.49998pt, for example:
(fancyhdr)                \setlength{\headheight}{14.49998pt}.
(fancyhdr)                You might also make \topmargin smaller:
(fancyhdr)                \addtolength{\topmargin}{-2.49998pt}.

[19]

Package fancyhdr Warning: \headheight is too small (12.0pt): 
(fancyhdr)                Make it at least 14.49998pt, for example:
(fancyhdr)                \setlength{\headheight}{14.49998pt}.
(fancyhdr)                You might also make \topmargin smaller:
(fancyhdr)                \addtolength{\topmargin}{-2.49998pt}.

[20]
Overfull \hbox (4.94406pt too wide) in paragraph at lines 246--250
\T1/lmr/m/n/12 The tech-nol-ogy stack had been care-fully cho-sen to pri-or-i-t
ize rapid de-vel-op-ment, cost-efficiency,
 []


Package fancyhdr Warning: \headheight is too small (12.0pt): 
(fancyhdr)                Make it at least 14.49998pt, for example:
(fancyhdr)                \setlength{\headheight}{14.49998pt}.
(fancyhdr)                You might also make \topmargin smaller:
(fancyhdr)                \addtolength{\topmargin}{-2.49998pt}.

[21]

Package fancyhdr Warning: \headheight is too small (12.0pt): 
(fancyhdr)                Make it at least 14.49998pt, for example:
(fancyhdr)                \setlength{\headheight}{14.49998pt}.
(fancyhdr)                You might also make \topmargin smaller:
(fancyhdr)                \addtolength{\topmargin}{-2.49998pt}.

[22]

Package fancyhdr Warning: \headheight is too small (12.0pt): 
(fancyhdr)                Make it at least 14.49998pt, for example:
(fancyhdr)                \setlength{\headheight}{14.49998pt}.
(fancyhdr)                You might also make \topmargin smaller:
(fancyhdr)                \addtolength{\topmargin}{-2.49998pt}.

[23]

Package fancyhdr Warning: \headheight is too small (12.0pt): 
(fancyhdr)                Make it at least 14.49998pt, for example:
(fancyhdr)                \setlength{\headheight}{14.49998pt}.
(fancyhdr)                You might also make \topmargin smaller:
(fancyhdr)                \addtolength{\topmargin}{-2.49998pt}.

[24]
Overfull \hbox (15.25018pt too wide) in paragraph at lines 499--501
[]\T1/lmr/m/n/12 Aggressive lo-cal caching us-ing \T1/lmr/bx/n/12 Hive \T1/lmr/
m/n/12 to main-tain func-tion-al-ity in low-connectivity
 []


Package fancyhdr Warning: \headheight is too small (12.0pt): 
(fancyhdr)                Make it at least 14.49998pt, for example:
(fancyhdr)                \setlength{\headheight}{14.49998pt}.
(fancyhdr)                You might also make \topmargin smaller:
(fancyhdr)                \addtolength{\topmargin}{-2.49998pt}.

[25]
<images/gantt_3.png, id=739, 1067.187pt x 418.6842pt>
File: images/gantt_3.png Graphic file (type png)
<use images/gantt_3.png>
Package pdftex.def Info: images/gantt_3.png  used on input line 537.
(pdftex.def)             Requested size: 493.2442pt x 193.51703pt.

Overfull \hbox (23.48918pt too wide) in paragraph at lines 537--538
 [][] 
 []

LaTeX Font Info:    Trying to load font information for T1+lmtt on input line 5
47.
(C:\Users\USER\Desktop\MIKTEX\tex/latex/lm\t1lmtt.fd
File: t1lmtt.fd 2015/05/01 v1.6.1 Font defs for Latin Modern
))
(chapters/System Analysis and Design.tex

Package fancyhdr Warning: \headheight is too small (12.0pt): 
(fancyhdr)                Make it at least 14.49998pt, for example:
(fancyhdr)                \setlength{\headheight}{14.49998pt}.
(fancyhdr)                You might also make \topmargin smaller:
(fancyhdr)                \addtolength{\topmargin}{-2.49998pt}.

[26 <./images/gantt_3.png>]

Package fancyhdr Warning: \headheight is too small (12.0pt): 
(fancyhdr)                Make it at least 14.49998pt, for example:
(fancyhdr)                \setlength{\headheight}{14.49998pt}.
(fancyhdr)                You might also make \topmargin smaller:
(fancyhdr)                \addtolength{\topmargin}{-2.49998pt}.

[27]
Chapter 4.
[28

]

Package fancyhdr Warning: \headheight is too small (12.0pt): 
(fancyhdr)                Make it at least 14.49998pt, for example:
(fancyhdr)                \setlength{\headheight}{14.49998pt}.
(fancyhdr)                You might also make \topmargin smaller:
(fancyhdr)                \addtolength{\topmargin}{-2.49998pt}.

[29]
Overfull \hbox (1.22415pt too wide) in paragraph at lines 138--142
[]\T1/lmr/m/n/12 Overall, the cur-rent sys-tem demon-strates sig-nif-i-cant gap
s in co-or-di-na-tion, trans-parency,
 []


Package fancyhdr Warning: \headheight is too small (12.0pt): 
(fancyhdr)                Make it at least 14.49998pt, for example:
(fancyhdr)                \setlength{\headheight}{14.49998pt}.
(fancyhdr)                You might also make \topmargin smaller:
(fancyhdr)                \addtolength{\topmargin}{-2.49998pt}.

[30]

Package fancyhdr Warning: \headheight is too small (12.0pt): 
(fancyhdr)                Make it at least 14.49998pt, for example:
(fancyhdr)                \setlength{\headheight}{14.49998pt}.
(fancyhdr)                You might also make \topmargin smaller:
(fancyhdr)                \addtolength{\topmargin}{-2.49998pt}.

[31]
<images/methodology_3.png, id=793, 398.9304pt x 552.3837pt>
File: images/methodology_3.png Graphic file (type png)
<use images/methodology_3.png>
Package pdftex.def Info: images/methodology_3.png  used on input line 262.
(pdftex.def)             Requested size: 281.85587pt x 390.29028pt.


LaTeX Warning: `!h' float specifier changed to `!ht'.


Package fancyhdr Warning: \headheight is too small (12.0pt): 
(fancyhdr)                Make it at least 14.49998pt, for example:
(fancyhdr)                \setlength{\headheight}{14.49998pt}.
(fancyhdr)                You might also make \topmargin smaller:
(fancyhdr)                \addtolength{\topmargin}{-2.49998pt}.

[32]

Package fancyhdr Warning: \headheight is too small (12.0pt): 
(fancyhdr)                Make it at least 14.49998pt, for example:
(fancyhdr)                \setlength{\headheight}{14.49998pt}.
(fancyhdr)                You might also make \topmargin smaller:
(fancyhdr)                \addtolength{\topmargin}{-2.49998pt}.

[33 <./images/methodology_3.png>]
<images/FYP/userdiagram.png, id=810, 599.23875pt x 1010.77625pt>
File: images/FYP/userdiagram.png Graphic file (type png)
<use images/FYP/userdiagram.png>
Package pdftex.def Info: images/FYP/userdiagram.png  used on input line 303.
(pdftex.def)             Requested size: 305.33789pt x 515.0418pt.


Package fancyhdr Warning: \headheight is too small (12.0pt): 
(fancyhdr)                Make it at least 14.49998pt, for example:
(fancyhdr)                \setlength{\headheight}{14.49998pt}.
(fancyhdr)                You might also make \topmargin smaller:
(fancyhdr)                \addtolength{\topmargin}{-2.49998pt}.

[34]

Package fancyhdr Warning: \headheight is too small (12.0pt): 
(fancyhdr)                Make it at least 14.49998pt, for example:
(fancyhdr)                \setlength{\headheight}{14.49998pt}.
(fancyhdr)                You might also make \topmargin smaller:
(fancyhdr)                \addtolength{\topmargin}{-2.49998pt}.

[35 <./images/FYP/userdiagram.png>]
<images/context_diagram.png, id=823, 1187.43625pt x 899.36pt>
File: images/context_diagram.png Graphic file (type png)
<use images/context_diagram.png>
Package pdftex.def Info: images/context_diagram.png  used on input line 321.
(pdftex.def)             Requested size: 375.80544pt x 284.63104pt.


Package fancyhdr Warning: \headheight is too small (12.0pt): 
(fancyhdr)                Make it at least 14.49998pt, for example:
(fancyhdr)                \setlength{\headheight}{14.49998pt}.
(fancyhdr)                You might also make \topmargin smaller:
(fancyhdr)                \addtolength{\topmargin}{-2.49998pt}.

[36 <./images/context_diagram.png>]

Package fancyhdr Warning: \headheight is too small (12.0pt): 
(fancyhdr)                Make it at least 14.49998pt, for example:
(fancyhdr)                \setlength{\headheight}{14.49998pt}.
(fancyhdr)                You might also make \topmargin smaller:
(fancyhdr)                \addtolength{\topmargin}{-2.49998pt}.

[37]
Overfull \hbox (4.44002pt too wide) in paragraph at lines 424--425
\T1/lmr/m/n/12 Traxis en-forces se-cu-rity at mul-ti-ple lev-els. Au-then-ti-ca
-tion is han-dled ex-clu-sively through
 []


Overfull \hbox (11.85716pt too wide) in paragraph at lines 424--425
\T1/lmr/m/n/12 OTP-based phone num-ber ver-i-fi-ca-tion via Fire-base Au-then-t
i-ca-tion, elim-i-nat-ing password-
 []


Package fancyhdr Warning: \headheight is too small (12.0pt): 
(fancyhdr)                Make it at least 14.49998pt, for example:
(fancyhdr)                \setlength{\headheight}{14.49998pt}.
(fancyhdr)                You might also make \topmargin smaller:
(fancyhdr)                \addtolength{\topmargin}{-2.49998pt}.

[38]
<images/FYP/eda.png, id=836, 988.69376pt x 775.89874pt>
File: images/FYP/eda.png Graphic file (type png)
<use images/FYP/eda.png>
Package pdftex.def Info: images/FYP/eda.png  used on input line 480.
(pdftex.def)             Requested size: 446.26582pt x 350.21674pt.


Package fancyhdr Warning: \headheight is too small (12.0pt): 
(fancyhdr)                Make it at least 14.49998pt, for example:
(fancyhdr)                \setlength{\headheight}{14.49998pt}.
(fancyhdr)                You might also make \topmargin smaller:
(fancyhdr)                \addtolength{\topmargin}{-2.49998pt}.

[39]
Overfull \hbox (46.33821pt too wide) in paragraph at lines 502--508
\T1/lmr/m/n/12 In-cludes fields such as \T1/lmtt/m/n/12 company_name\T1/lmr/m/n
/12 , \T1/lmtt/m/n/12 company_registration_number\T1/lmr/m/n/12 , \T1/lmtt/m/n/
12 company_address\T1/lmr/m/n/12 ,
 []


Overfull \hbox (3.66916pt too wide) in paragraph at lines 502--508
\T1/lmtt/m/n/12 vehicle_count\T1/lmr/m/n/12 , \T1/lmtt/m/n/12 trip_routes\T1/lm
r/m/n/12 , \T1/lmtt/m/n/12 route_charges\T1/lmr/m/n/12 , and a boolean \T1/lmtt
/m/n/12 delivers_parcels
 []


Overfull \hbox (46.75897pt too wide) in paragraph at lines 509--515
\T1/lmr/m/n/12 route be-longs to one op-er-a-tor pro-file (many-to-one re-la-ti
on-ship via \T1/lmtt/m/n/12 operator_profile_id\T1/lmr/m/n/12 ).
 []


Package fancyhdr Warning: \headheight is too small (12.0pt): 
(fancyhdr)                Make it at least 14.49998pt, for example:
(fancyhdr)                \setlength{\headheight}{14.49998pt}.
(fancyhdr)                You might also make \topmargin smaller:
(fancyhdr)                \addtolength{\topmargin}{-2.49998pt}.

[40 <./images/FYP/eda.png>]
Overfull \hbox (26.18391pt too wide) in paragraph at lines 524--531
\T1/lmr/m/n/12 fields such as \T1/lmtt/m/n/12 route_name\T1/lmr/m/n/12 , \T1/lm
tt/m/n/12 pickup_point\T1/lmr/m/n/12 , \T1/lmtt/m/n/12 dropoff_point\T1/lmr/m/n
/12 , \T1/lmtt/m/n/12 travel_date\T1/lmr/m/n/12 , \T1/lmtt/m/n/12 seat_count\T1
/lmr/m/n/12 ,
 []


Overfull \hbox (3.07394pt too wide) in paragraph at lines 532--541
\T1/lmr/m/n/12 as \T1/lmtt/m/n/12 tracking_number\T1/lmr/m/n/12 , \T1/lmtt/m/n/
12 origin\T1/lmr/m/n/12 , \T1/lmtt/m/n/12 destination\T1/lmr/m/n/12 , \T1/lmtt/
m/n/12 recipient_name\T1/lmr/m/n/12 , \T1/lmtt/m/n/12 recipient_phone\T1/lmr/m/
n/12 ,
 []


Package fancyhdr Warning: \headheight is too small (12.0pt): 
(fancyhdr)                Make it at least 14.49998pt, for example:
(fancyhdr)                \setlength{\headheight}{14.49998pt}.
(fancyhdr)                You might also make \topmargin smaller:
(fancyhdr)                \addtolength{\topmargin}{-2.49998pt}.

[41{C:/Users/USER/Desktop/MIKTEX/fonts/enc/dvips/lm/lm-mathsy.enc}]
Overfull \hbox (41.7621pt too wide) in paragraph at lines 621--625
[]\T1/lmr/bx/n/12 Tickets, Ride his-tory and book-ing lists: \T1/lmr/m/n/12 Scr
ol-lable list views (\T1/lmtt/m/n/12 ride_history_screen\T1/lmr/m/n/12 ,
 []


Overfull \hbox (14.9482pt too wide) in paragraph at lines 633--637
\T1/lmr/m/n/12 tin-u-ously fetch and ren-der user and trans-port lo-ca-tions. T
he \T1/lmtt/m/n/12 ACCESS_FINE_LOCATION
 []


Package fancyhdr Warning: \headheight is too small (12.0pt): 
(fancyhdr)                Make it at least 14.49998pt, for example:
(fancyhdr)                \setlength{\headheight}{14.49998pt}.
(fancyhdr)                You might also make \topmargin smaller:
(fancyhdr)                \addtolength{\topmargin}{-2.49998pt}.

[42]

Package fancyhdr Warning: \headheight is too small (12.0pt): 
(fancyhdr)                Make it at least 14.49998pt, for example:
(fancyhdr)                \setlength{\headheight}{14.49998pt}.
(fancyhdr)                You might also make \topmargin smaller:
(fancyhdr)                \addtolength{\topmargin}{-2.49998pt}.

[43]
<images/level_one_context.png, id=860, 662.475pt x 724.7075pt>
File: images/level_one_context.png Graphic file (type png)
<use images/level_one_context.png>
Package pdftex.def Info: images/level_one_context.png  used on input line 697.
(pdftex.def)             Requested size: 375.80544pt x 411.10817pt.
) (chapters/System Implementation, Testing and Validation.tex

Package fancyhdr Warning: \headheight is too small (12.0pt): 
(fancyhdr)                Make it at least 14.49998pt, for example:
(fancyhdr)                \setlength{\headheight}{14.49998pt}.
(fancyhdr)                You might also make \topmargin smaller:
(fancyhdr)                \addtolength{\topmargin}{-2.49998pt}.

[44 <./images/level_one_context.png>]
Chapter 5.
[45

]
Overfull \hbox (6.95541pt too wide) in paragraph at lines 39--45
[]\T1/lmr/bx/n/12 PostgreSQL (with Post-GIS) \T1/lmr/m/n/12 Post-greSQL was use
d as the pri-mary re-la-tional database
 []

<images/FYP/admin1.png, id=870, 1738.495pt x 1127.21124pt>
File: images/FYP/admin1.png Graphic file (type png)
<use images/FYP/admin1.png>
Package pdftex.def Info: images/FYP/admin1.png  used on input line 98.
(pdftex.def)             Requested size: 375.80544pt x 243.65288pt.
<images/FYP/admin2.png, id=871, 1738.495pt x 1127.21124pt>
File: images/FYP/admin2.png Graphic file (type png)
<use images/FYP/admin2.png>
Package pdftex.def Info: images/FYP/admin2.png  used on input line 104.
(pdftex.def)             Requested size: 375.80544pt x 243.65288pt.

Package fancyhdr Warning: \headheight is too small (12.0pt): 
(fancyhdr)                Make it at least 14.49998pt, for example:
(fancyhdr)                \setlength{\headheight}{14.49998pt}.
(fancyhdr)                You might also make \topmargin smaller:
(fancyhdr)                \addtolength{\topmargin}{-2.49998pt}.

[46]
<images/FYP/admin3.png, id=877, 1738.495pt x 1127.21124pt>
File: images/FYP/admin3.png Graphic file (type png)
<use images/FYP/admin3.png>
Package pdftex.def Info: images/FYP/admin3.png  used on input line 115.
(pdftex.def)             Requested size: 375.80544pt x 243.65288pt.
<images/FYP/admin4.png, id=878, 1738.495pt x 1127.21124pt>
File: images/FYP/admin4.png Graphic file (type png)
<use images/FYP/admin4.png>
Package pdftex.def Info: images/FYP/admin4.png  used on input line 121.
(pdftex.def)             Requested size: 375.80544pt x 243.65288pt.


Package fancyhdr Warning: \headheight is too small (12.0pt): 
(fancyhdr)                Make it at least 14.49998pt, for example:
(fancyhdr)                \setlength{\headheight}{14.49998pt}.
(fancyhdr)                You might also make \topmargin smaller:
(fancyhdr)                \addtolength{\topmargin}{-2.49998pt}.

[47 <./images/FYP/admin1.png> <./images/FYP/admin2.png>]

Package fancyhdr Warning: \headheight is too small (12.0pt): 
(fancyhdr)                Make it at least 14.49998pt, for example:
(fancyhdr)                \setlength{\headheight}{14.49998pt}.
(fancyhdr)                You might also make \topmargin smaller:
(fancyhdr)                \addtolength{\topmargin}{-2.49998pt}.

[48 <./images/FYP/admin3.png> <./images/FYP/admin4.png>]
<images/FYP/login.jpeg, id=893, 542.025pt x 1204.5pt>
File: images/FYP/login.jpeg Graphic file (type jpg)
<use images/FYP/login.jpeg>
Package pdftex.def Info: images/FYP/login.jpeg  used on input line 147.
(pdftex.def)             Requested size: 225.4804pt x 501.07121pt.

Overfull \hbox (1.0pt too wide) in paragraph at lines 147--148
 [][] 
 []

<images/FYP/operatorlogin.jpeg, id=894, 542.025pt x 1204.5pt>
File: images/FYP/operatorlogin.jpeg Graphic file (type jpg)
<use images/FYP/operatorlogin.jpeg>
Package pdftex.def Info: images/FYP/operatorlogin.jpeg  used on input line 153.

(pdftex.def)             Requested size: 225.4804pt x 501.07121pt.

Overfull \hbox (1.0pt too wide) in paragraph at lines 153--154
 [][] 
 []

<images/FYP/otpverification.jpeg, id=895, 542.025pt x 1204.5pt>
File: images/FYP/otpverification.jpeg Graphic file (type jpg)
<use images/FYP/otpverification.jpeg>
Package pdftex.def Info: images/FYP/otpverification.jpeg  used on input line 18
3.
(pdftex.def)             Requested size: 225.4804pt x 501.07121pt.

Overfull \hbox (1.0pt too wide) in paragraph at lines 183--184
 [][] 
 []

<images/FYP/operatorDashboard.jpeg, id=896, 542.025pt x 1204.5pt>
File: images/FYP/operatorDashboard.jpeg Graphic file (type jpg)
<use images/FYP/operatorDashboard.jpeg>
Package pdftex.def Info: images/FYP/operatorDashboard.jpeg  used on input line 
189.
(pdftex.def)             Requested size: 225.4804pt x 501.07121pt.

Overfull \hbox (1.0pt too wide) in paragraph at lines 189--190
 [][] 
 []

<images/FYP/operatorProfile.jpeg, id=897, 542.025pt x 1204.5pt>
File: images/FYP/operatorProfile.jpeg Graphic file (type jpg)
<use images/FYP/operatorProfile.jpeg>
Package pdftex.def Info: images/FYP/operatorProfile.jpeg  used on input line 20
2.
(pdftex.def)             Requested size: 225.4804pt x 501.07121pt.

Overfull \hbox (1.0pt too wide) in paragraph at lines 202--203
 [][] 
 []

<images/FYP/companyDetails.jpeg, id=898, 542.025pt x 1204.5pt>
File: images/FYP/companyDetails.jpeg Graphic file (type jpg)
<use images/FYP/companyDetails.jpeg>
Package pdftex.def Info: images/FYP/companyDetails.jpeg  used on input line 208
.
(pdftex.def)             Requested size: 225.4804pt x 501.07121pt.

Overfull \hbox (1.0pt too wide) in paragraph at lines 208--209
 [][] 
 []

<images/FYP/passengerDashboard.jpeg, id=899, 542.025pt x 1204.5pt>
File: images/FYP/passengerDashboard.jpeg Graphic file (type jpg)
<use images/FYP/passengerDashboard.jpeg>
Package pdftex.def Info: images/FYP/passengerDashboard.jpeg  used on input line
 239.
(pdftex.def)             Requested size: 225.4804pt x 501.07121pt.

Overfull \hbox (1.0pt too wide) in paragraph at lines 239--240
 [][] 
 []

<images/FYP/routes.jpeg, id=900, 542.025pt x 1204.5pt>
File: images/FYP/routes.jpeg Graphic file (type jpg)
<use images/FYP/routes.jpeg>
Package pdftex.def Info: images/FYP/routes.jpeg  used on input line 245.
(pdftex.def)             Requested size: 225.4804pt x 501.07121pt.

Overfull \hbox (1.0pt too wide) in paragraph at lines 245--246
 [][] 
 []

<images/FYP/parcel.jpeg, id=901, 542.025pt x 1204.5pt>
File: images/FYP/parcel.jpeg Graphic file (type jpg)
<use images/FYP/parcel.jpeg>
Package pdftex.def Info: images/FYP/parcel.jpeg  used on input line 258.
(pdftex.def)             Requested size: 225.4804pt x 501.07121pt.

Overfull \hbox (1.0pt too wide) in paragraph at lines 258--259
 [][] 
 []

<images/FYP/Digital Ticket.PNG, id=902, 1174.3875pt x 2541.495pt>
File: images/FYP/Digital Ticket.PNG Graphic file (type png)
<use images/FYP/Digital Ticket.PNG>
Package pdftex.def Info: images/FYP/Digital Ticket.PNG  used on input line 264.

(pdftex.def)             Requested size: 225.4804pt x 487.93048pt.

Overfull \hbox (1.0pt too wide) in paragraph at lines 264--265
 [][] 
 []


Package fancyhdr Warning: \headheight is too small (12.0pt): 
(fancyhdr)                Make it at least 14.49998pt, for example:
(fancyhdr)                \setlength{\headheight}{14.49998pt}.
(fancyhdr)                You might also make \topmargin smaller:
(fancyhdr)                \addtolength{\topmargin}{-2.49998pt}.

[49]

Package fancyhdr Warning: \headheight is too small (12.0pt): 
(fancyhdr)                Make it at least 14.49998pt, for example:
(fancyhdr)                \setlength{\headheight}{14.49998pt}.
(fancyhdr)                You might also make \topmargin smaller:
(fancyhdr)                \addtolength{\topmargin}{-2.49998pt}.

[50 <./images/FYP/login.jpeg> <./images/FYP/operatorlogin.jpeg>]

Package fancyhdr Warning: \headheight is too small (12.0pt): 
(fancyhdr)                Make it at least 14.49998pt, for example:
(fancyhdr)                \setlength{\headheight}{14.49998pt}.
(fancyhdr)                You might also make \topmargin smaller:
(fancyhdr)                \addtolength{\topmargin}{-2.49998pt}.

[51 <./images/FYP/otpverification.jpeg> <./images/FYP/operatorDashboard.jpeg>]

Package fancyhdr Warning: \headheight is too small (12.0pt): 
(fancyhdr)                Make it at least 14.49998pt, for example:
(fancyhdr)                \setlength{\headheight}{14.49998pt}.
(fancyhdr)                You might also make \topmargin smaller:
(fancyhdr)                \addtolength{\topmargin}{-2.49998pt}.

[52 <./images/FYP/operatorProfile.jpeg> <./images/FYP/companyDetails.jpeg>]

Package fancyhdr Warning: \headheight is too small (12.0pt): 
(fancyhdr)                Make it at least 14.49998pt, for example:
(fancyhdr)                \setlength{\headheight}{14.49998pt}.
(fancyhdr)                You might also make \topmargin smaller:
(fancyhdr)                \addtolength{\topmargin}{-2.49998pt}.

[53 <./images/FYP/passengerDashboard.jpeg> <./images/FYP/routes.jpeg>]

Package fancyhdr Warning: \headheight is too small (12.0pt): 
(fancyhdr)                Make it at least 14.49998pt, for example:
(fancyhdr)                \setlength{\headheight}{14.49998pt}.
(fancyhdr)                You might also make \topmargin smaller:
(fancyhdr)                \addtolength{\topmargin}{-2.49998pt}.

[54 <./images/FYP/parcel.jpeg> <./images/FYP/Digital Ticket.PNG>]

Package fancyhdr Warning: \headheight is too small (12.0pt): 
(fancyhdr)                Make it at least 14.49998pt, for example:
(fancyhdr)                \setlength{\headheight}{14.49998pt}.
(fancyhdr)                You might also make \topmargin smaller:
(fancyhdr)                \addtolength{\topmargin}{-2.49998pt}.

[55]) (chapters/Recommendations, Conclusion, and future works.tex

Package fancyhdr Warning: \headheight is too small (12.0pt): 
(fancyhdr)                Make it at least 14.49998pt, for example:
(fancyhdr)                \setlength{\headheight}{14.49998pt}.
(fancyhdr)                You might also make \topmargin smaller:
(fancyhdr)                \addtolength{\topmargin}{-2.49998pt}.

[56]
Chapter 6.
[57

]

Package fancyhdr Warning: \headheight is too small (12.0pt): 
(fancyhdr)                Make it at least 14.49998pt, for example:
(fancyhdr)                \setlength{\headheight}{14.49998pt}.
(fancyhdr)                You might also make \topmargin smaller:
(fancyhdr)                \addtolength{\topmargin}{-2.49998pt}.

[58]
Overfull \hbox (10.50089pt too wide) in paragraph at lines 43--44
[]\T1/lmr/m/n/12 Integration with Dig-i-tal Pay-ment Gate-ways: Sup-port for mo
-bile money, debit/credit
 []

) (C:\Users\USER\Desktop\New folder\FYP-main\FYP\build\main.bbl

Package fancyhdr Warning: \headheight is too small (12.0pt): 
(fancyhdr)                Make it at least 14.49998pt, for example:
(fancyhdr)                \setlength{\headheight}{14.49998pt}.
(fancyhdr)                You might also make \topmargin smaller:
(fancyhdr)                \addtolength{\topmargin}{-2.49998pt}.

[59]
Underfull \hbox (badness 10000) in paragraph at lines 42--47
\T1/lmr/m/n/12 go . ug / sites / default / ^^\les / reports / Integrated % 20Tr
ansport % 20Infrastructure %
 []


Overfull \hbox (27.80792pt too wide) in paragraph at lines 65--70
\T1/lmr/m/n/12 new-[]communications-[]sector-[]report-[]highlights-[]e^^[orts-[
]to-[]bridge-[]access-[]and-[]usage-[]gaps/$[][] 
 []


Underfull \hbox (badness 1496) in paragraph at lines 73--77
[]\T1/lmr/m/n/12 Codeware Lim-ited. (2023) Ben-e-fits of im-ple-ment-ing on-lin
e
 []


Overfull \hbox (22.51671pt too wide) in paragraph at lines 73--77
\T1/lmr/m/n/12 bene^^\ts-[]of-[]implementing-[]online-[]bus-[]seat-[]booking-[]
system-[]pos-[]and-[]mobile-[]application$[][] 
 []

[60

]
Overfull \hbox (42.10715pt too wide) in paragraph at lines 95--100
\T1/lmr/m/n/12 reorganizing-[]informal-[]transport-[]in-[]uganda-[]achieving-[]
a-[]multimodality-[]that-[]works-[]for-[]all/$[][] 
 []


Overfull \hbox (36.14322pt too wide) in paragraph at lines 159--163
\T1/lmr/m/n/12 tecno-[]in^^\nix-[]and-[]itel-[]the-[]secret-[]behind-[]their-[]
dominance-[]in-[]africas-[]smartphone-[]market/$[][] 
 []


Underfull \hbox (badness 1371) in paragraph at lines 174--178
[]\T1/lmr/m/n/12 H. Lan-le-hin, ``Why are in-finix and tecno phones so
 []


Package fancyhdr Warning: \headheight is too small (12.0pt): 
(fancyhdr)                Make it at least 14.49998pt, for example:
(fancyhdr)                \setlength{\headheight}{14.49998pt}.
(fancyhdr)                You might also make \topmargin smaller:
(fancyhdr)                \addtolength{\topmargin}{-2.49998pt}.

[61]
Underfull \hbox (badness 10000) in paragraph at lines 197--202
\T1/lmr/m/n/12 / / www . softwareadvice . com . au / software / 279003 / gps-[]
vehicle-[]tracking-[]system$[][],
 []


Package fancyhdr Warning: \headheight is too small (12.0pt): 
(fancyhdr)                Make it at least 14.49998pt, for example:
(fancyhdr)                \setlength{\headheight}{14.49998pt}.
(fancyhdr)                You might also make \topmargin smaller:
(fancyhdr)                \addtolength{\topmargin}{-2.49998pt}.

[62]
Underfull \hbox (badness 10000) in paragraph at lines 295--299
\T1/lmr/m/n/12 # : ~ : text = Fleet % 20telematics % 20is % 20essential % 20for
 % 20any % 20organization ,[]
 []


Underfull \hbox (badness 1371) in paragraph at lines 307--311
[]\T1/lmr/m/n/12 Modeshift, ``Cloud-based tran-sit sys-tems ex-plained: What
 []


Underfull \hbox (badness 1466) in paragraph at lines 307--311
\T1/lmr/m/n/12 March 2024. [On-line]. Avail-able: [][]$https : / / www . modesh
ift . com /
 []


Overfull \hbox (22.78412pt too wide) in paragraph at lines 349--353
\T1/lmr/m/n/12 dynamic-[]pricing-[]real-[]time-[]data-[]streaming-[]with-[]apac
he-[]kafka-[]and-[]^^]ink-[]1e7517055661$[][] 
 []


Package fancyhdr Warning: \headheight is too small (12.0pt): 
(fancyhdr)                Make it at least 14.49998pt, for example:
(fancyhdr)                \setlength{\headheight}{14.49998pt}.
(fancyhdr)                You might also make \topmargin smaller:
(fancyhdr)                \addtolength{\topmargin}{-2.49998pt}.

[63]
Underfull \hbox (badness 2635) in paragraph at lines 408--412
\T1/lmr/m/n/12 Avail-able: [][]$IMPACT _ OF _ UBER _ TRANSPORTATIONS _ ON _ THE
 _
 []


Underfull \hbox (badness 10000) in paragraph at lines 408--412
\T1/lmr/m/n/12 INFORMAL _ PUBLIC _ TRANSPORT _ OPERATION _ IN _ UGANDA _ By _
 []


Package fancyhdr Warning: \headheight is too small (12.0pt): 
(fancyhdr)                Make it at least 14.49998pt, for example:
(fancyhdr)                \setlength{\headheight}{14.49998pt}.
(fancyhdr)                You might also make \topmargin smaller:
(fancyhdr)                \addtolength{\topmargin}{-2.49998pt}.

[64]
Overfull \hbox (71.10674pt too wide) in paragraph at lines 473--478
\T1/lmr/m/n/12 safecar-[]by-[]safeboda-[]becomes-[]the-[]most-[]preferred-[]car
-[]hailing-[]service-[]for-[]safety-[]and-[]convenience$[][] 
 []


Underfull \hbox (badness 2027) in paragraph at lines 494--498
\T1/lmr/m/n/12 scoot-ers,'' 2019. [On-line]. Avail-able: [][]$https : / / qz . 
com / africa /
 []


Underfull \hbox (badness 10000) in paragraph at lines 494--498
\T1/lmr/m/n/12 1568416 / uber-[]rival-[]taxify-[]changes-[]name-[]to-[]bolt-[]a
dds-[]scooters ? utm _ medium =
 []


Underfull \hbox (badness 10000) in paragraph at lines 500--503
[]\T1/lmr/m/n/12 P. T. Mag-a-zine, ``Ride-sharing ser-vice tax-ify of-fi-cially

 []


Underfull \hbox (badness 10000) in paragraph at lines 500--503
\T1/lmr/m/n/12 launches in uganda,'' [][]$https : / / pctechmag . com / 2017 / 
10 /
 []


Package fancyhdr Warning: \headheight is too small (12.0pt): 
(fancyhdr)                Make it at least 14.49998pt, for example:
(fancyhdr)                \setlength{\headheight}{14.49998pt}.
(fancyhdr)                You might also make \topmargin smaller:
(fancyhdr)                \addtolength{\topmargin}{-2.49998pt}.

[65]
Underfull \hbox (badness 1173) in paragraph at lines 595--599
[]\T1/lmr/m/n/12 Swvl Hold-ings Corp, ``Trans-form-ing ur-ban tran-sit: How
 []


Underfull \hbox (badness 2828) in paragraph at lines 595--599
\T1/lmr/m/n/12 swvl tack-les mea's biggest mo-bil-ity chal-lenges,'' Au-
 []


Underfull \hbox (badness 2050) in paragraph at lines 595--599
\T1/lmr/m/n/12 gust 2025. [On-line]. Avail-able: [][]$https : / / www . swvl . 
com / blog /
 []

) (appendices/appendixA.tex

Package fancyhdr Warning: \headheight is too small (12.0pt): 
(fancyhdr)                Make it at least 14.49998pt, for example:
(fancyhdr)                \setlength{\headheight}{14.49998pt}.
(fancyhdr)                You might also make \topmargin smaller:
(fancyhdr)                \addtolength{\topmargin}{-2.49998pt}.

[66]
Underfull \hbox (badness 4013) in paragraph at lines 25--25
[]|\T1/lmr/m/n/12 Research co-or-di-na-tion, data
 []


Underfull \hbox (badness 1371) in paragraph at lines 25--25
[]|\T1/lmr/m/n/12 Contingency and ad-min-is-tra-
 []

[67

]) (appendices/appendixB.tex

Package fancyhdr Warning: \headheight is too small (12.0pt): 
(fancyhdr)                Make it at least 14.49998pt, for example:
(fancyhdr)                \setlength{\headheight}{14.49998pt}.
(fancyhdr)                You might also make \topmargin smaller:
(fancyhdr)                \addtolength{\topmargin}{-2.49998pt}.

[68

]) (appendices/appendixC.tex

Package fancyhdr Warning: \headheight is too small (12.0pt): 
(fancyhdr)                Make it at least 14.49998pt, for example:
(fancyhdr)                \setlength{\headheight}{14.49998pt}.
(fancyhdr)                You might also make \topmargin smaller:
(fancyhdr)                \addtolength{\topmargin}{-2.49998pt}.

[69]

Package fancyhdr Warning: \headheight is too small (12.0pt): 
(fancyhdr)                Make it at least 14.49998pt, for example:
(fancyhdr)                \setlength{\headheight}{14.49998pt}.
(fancyhdr)                You might also make \topmargin smaller:
(fancyhdr)                \addtolength{\topmargin}{-2.49998pt}.

[70])

Package fancyhdr Warning: \headheight is too small (12.0pt): 
(fancyhdr)                Make it at least 14.49998pt, for example:
(fancyhdr)                \setlength{\headheight}{14.49998pt}.
(fancyhdr)                You might also make \topmargin smaller:
(fancyhdr)                \addtolength{\topmargin}{-2.49998pt}.

[71] (C:\Users\USER\Desktop\New folder\FYP-main\FYP\build\main.aux)
 ***********
LaTeX2e <2025-11-01>
L3 programming layer <2025-12-24>
 ***********
Package rerunfilecheck Info: File `main.out' has not changed.
(rerunfilecheck)             Checksum: 5D21A2B3A9C70E1BFFDC65F13F80B93E;11307.
 ) 
Here is how much of TeX's memory you used:
 21742 strings out of 467871
 399210 string characters out of 5426075
 935776 words of memory out of 5000000
 49874 multiletter control sequences out of 15000+600000
 678533 words of font info for 74 fonts, out of 8000000 for 9000
 1141 hyphenation exceptions out of 8191
 110i,12n,131p,737b,1681s stack positions out of 10000i,1000n,20000p,200000b,200000s
<C:/Users/USER/Desktop/MIKTEX/fonts/type1/public/lm/lmbx12.pfb><C:/Users/USER
/Desktop/MIKTEX/fonts/type1/public/lm/lmr10.pfb><C:/Users/USER/Desktop/MIKTEX/f
onts/type1/public/lm/lmr12.pfb><C:/Users/USER/Desktop/MIKTEX/fonts/type1/public
/lm/lmri12.pfb><C:/Users/USER/Desktop/MIKTEX/fonts/type1/public/lm/lmsy10.pfb><
C:/Users/USER/Desktop/MIKTEX/fonts/type1/public/lm/lmtt12.pfb><C:/Users/USER/De
sktop/MIKTEX/fonts/type1/urw/times/utmb8a.pfb><C:/Users/USER/Desktop/MIKTEX/fon
ts/type1/urw/times/utmr8a.pfb>
Output written on "C:\Users\USER\Desktop\New folder\FYP-main\FYP\build\main.pdf
" (80 pages, 4952849 bytes).
PDF statistics:
 1298 PDF objects out of 1440 (max. 8388607)
 326 named destinations out of 1000 (max. 500000)
 699 words of extra memory for PDF output out of 10000 (max. 10000000)

